Insert Into local_publico values (-25.797550065594805, 160.64866794885378, 'city0');

Insert Into local_publico values (84.80204263132552, 76.40977766084708, 'city1');

Insert Into local_publico values (15.552648638422937, 125.26035149489736, 'city2');

Insert Into local_publico values (10.298788035720733, 65.96138709734826, 'city3');

Insert Into local_publico values (-87.8915153560816, 1.7070463140454106, 'city4');

Insert Into local_publico values (-4.148466274103939, 18.449578426900757, 'city5');

Insert Into local_publico values (-76.13426572732025, 116.63716964734226, 'city6');

Insert Into local_publico values (85.4277608905926, 86.42343673403595, 'city7');

Insert Into local_publico values (-67.35847183012682, 179.04914203120057, 'city8');

Insert Into local_publico values (-17.606556781572905, 98.67596789239659, 'city9');

Insert Into local_publico values (5.531446424871817, 50.52941881587218, 'city10');

Insert Into local_publico values (-87.54795611046981, 144.8030792181102, 'city11');

Insert Into local_publico values (32.56604465210471, 128.77857418131546, 'city12');

Insert Into local_publico values (-19.13228402370703, 106.32066893717041, 'city13');

Insert Into local_publico values (-89.4840812498904, 10.92594122589875, 'city14');

Insert Into item (descricao, localizacao, latitude, longitude) values ( 'descricao0', 'localizacao0', 10.298788035720733, 65.96138709734826);

Insert Into item (descricao, localizacao, latitude, longitude) values ( 'descricao1', 'localizacao1', -87.54795611046981, 144.8030792181102);

Insert Into item (descricao, localizacao, latitude, longitude) values ( 'descricao2', 'localizacao2', 32.56604465210471, 128.77857418131546);

Insert Into item (descricao, localizacao, latitude, longitude) values ( 'descricao3', 'localizacao3', -4.148466274103939, 18.449578426900757);

Insert Into item (descricao, localizacao, latitude, longitude) values ( 'descricao4', 'localizacao4', -67.35847183012682, 179.04914203120057);

Insert Into item (descricao, localizacao, latitude, longitude) values ( 'descricao5', 'localizacao5', 15.552648638422937, 125.26035149489736);

Insert Into item (descricao, localizacao, latitude, longitude) values ( 'descricao6', 'localizacao6', -67.35847183012682, 179.04914203120057);

Insert Into item (descricao, localizacao, latitude, longitude) values ( 'descricao7', 'localizacao7', -25.797550065594805, 160.64866794885378);

Insert Into item (descricao, localizacao, latitude, longitude) values ( 'descricao8', 'localizacao8', -25.797550065594805, 160.64866794885378);

Insert Into item (descricao, localizacao, latitude, longitude) values ( 'descricao9', 'localizacao9', -87.54795611046981, 144.8030792181102);

Insert Into item (descricao, localizacao, latitude, longitude) values ( 'descricao10', 'localizacao10', -4.148466274103939, 18.449578426900757);

Insert Into item (descricao, localizacao, latitude, longitude) values ( 'descricao11', 'localizacao11', -87.8915153560816, 1.7070463140454106);

Insert Into item (descricao, localizacao, latitude, longitude) values ( 'descricao12', 'localizacao12', -17.606556781572905, 98.67596789239659);

Insert Into item (descricao, localizacao, latitude, longitude) values ( 'descricao13', 'localizacao13', 85.4277608905926, 86.42343673403595);

Insert Into item (descricao, localizacao, latitude, longitude) values ( 'descricao14', 'localizacao14', -4.148466274103939, 18.449578426900757);

Insert Into item (descricao, localizacao, latitude, longitude) values ( 'descricao15', 'localizacao15', -76.13426572732025, 116.63716964734226);

Insert Into item (descricao, localizacao, latitude, longitude) values ( 'descricao16', 'localizacao16', -19.13228402370703, 106.32066893717041);

Insert Into item (descricao, localizacao, latitude, longitude) values ( 'descricao17', 'localizacao17', 10.298788035720733, 65.96138709734826);

Insert Into item (descricao, localizacao, latitude, longitude) values ( 'descricao18', 'localizacao18', -4.148466274103939, 18.449578426900757);

Insert Into item (descricao, localizacao, latitude, longitude) values ( 'descricao19', 'localizacao19', 10.298788035720733, 65.96138709734826);

Insert Into item (descricao, localizacao, latitude, longitude) values ( 'descricao20', 'localizacao20', -25.797550065594805, 160.64866794885378);

Insert Into item (descricao, localizacao, latitude, longitude) values ( 'descricao21', 'localizacao21', -67.35847183012682, 179.04914203120057);

Insert Into item (descricao, localizacao, latitude, longitude) values ( 'descricao22', 'localizacao22', 15.552648638422937, 125.26035149489736);

Insert Into item (descricao, localizacao, latitude, longitude) values ( 'descricao23', 'localizacao23', 10.298788035720733, 65.96138709734826);

Insert Into item (descricao, localizacao, latitude, longitude) values ( 'descricao24', 'localizacao24', -25.797550065594805, 160.64866794885378);

Insert Into item (descricao, localizacao, latitude, longitude) values ( 'descricao25', 'localizacao25', -87.8915153560816, 1.7070463140454106);

Insert Into item (descricao, localizacao, latitude, longitude) values ( 'descricao26', 'localizacao26', 15.552648638422937, 125.26035149489736);

Insert Into item (descricao, localizacao, latitude, longitude) values ( 'descricao27', 'localizacao27', 15.552648638422937, 125.26035149489736);

Insert Into item (descricao, localizacao, latitude, longitude) values ( 'descricao28', 'localizacao28', 85.4277608905926, 86.42343673403595);

Insert Into item (descricao, localizacao, latitude, longitude) values ( 'descricao29', 'localizacao29', 5.531446424871817, 50.52941881587218);

Insert Into anomalia (zona, imagem, lingua, ts, descricao, tem_anomalia_redacao) values ( 'zona_0', 'imagem0', 'lingua_0', '2018-04-23 14:10:11', 'descricao0', True);

Insert Into anomalia (zona, imagem, lingua, ts, descricao, tem_anomalia_redacao) values ( 'zona_1', 'imagem1', 'lingua_1', '2019-08-23 13:10:11', 'descricao1', True);

Insert Into anomalia (zona, imagem, lingua, ts, descricao, tem_anomalia_redacao) values ( 'zona_2', 'imagem2', 'lingua_2', '2017-07-23 15:10:11', 'descricao2', True);

Insert Into anomalia (zona, imagem, lingua, ts, descricao, tem_anomalia_redacao) values ( 'zona_3', 'imagem3', 'lingua_3', '2017-07-23 14:10:11', 'descricao3', False);

Insert Into anomalia_traducao (zona2, lingua2) values ( 'zona2_3', 'lingua2_3');

Insert Into anomalia (zona, imagem, lingua, ts, descricao, tem_anomalia_redacao) values ( 'zona_4', 'imagem4', 'lingua_4', '2018-07-23 13:10:11', 'descricao4', False);

Insert Into anomalia_traducao (zona2, lingua2) values ( 'zona2_4', 'lingua2_4');

Insert Into anomalia (zona, imagem, lingua, ts, descricao, tem_anomalia_redacao) values ( 'zona_5', 'imagem5', 'lingua_5', '2019-09-23 14:10:11', 'descricao5', True);

Insert Into anomalia (zona, imagem, lingua, ts, descricao, tem_anomalia_redacao) values ( 'zona_6', 'imagem6', 'lingua_6', '2019-11-23 18:10:11', 'descricao6', True);

Insert Into anomalia (zona, imagem, lingua, ts, descricao, tem_anomalia_redacao) values ( 'zona_7', 'imagem7', 'lingua_7', '2018-04-23 13:10:11', 'descricao7', False);

Insert Into anomalia_traducao (zona2, lingua2) values ( 'zona2_7', 'lingua2_7');

Insert Into anomalia (zona, imagem, lingua, ts, descricao, tem_anomalia_redacao) values ( 'zona_8', 'imagem8', 'lingua_8', '2018-07-23 17:10:11', 'descricao8', True);

Insert Into anomalia (zona, imagem, lingua, ts, descricao, tem_anomalia_redacao) values ( 'zona_9', 'imagem9', 'lingua_9', '2019-04-23 18:10:11', 'descricao9', False);

Insert Into anomalia_traducao (zona2, lingua2) values ( 'zona2_9', 'lingua2_9');

Insert Into anomalia (zona, imagem, lingua, ts, descricao, tem_anomalia_redacao) values ( 'zona_10', 'imagem10', 'lingua_10', '2017-04-23 18:10:11', 'descricao10', False);

Insert Into anomalia_traducao (zona2, lingua2) values ( 'zona2_10', 'lingua2_10');

Insert Into anomalia (zona, imagem, lingua, ts, descricao, tem_anomalia_redacao) values ( 'zona_11', 'imagem11', 'lingua_11', '2019-11-23 18:10:11', 'descricao11', True);

Insert Into anomalia (zona, imagem, lingua, ts, descricao, tem_anomalia_redacao) values ( 'zona_12', 'imagem12', 'lingua_12', '2017-04-23 18:10:11', 'descricao12', True);

Insert Into anomalia (zona, imagem, lingua, ts, descricao, tem_anomalia_redacao) values ( 'zona_13', 'imagem13', 'lingua_13', '2019-11-23 15:10:11', 'descricao13', True);

Insert Into anomalia (zona, imagem, lingua, ts, descricao, tem_anomalia_redacao) values ( 'zona_14', 'imagem14', 'lingua_14', '2017-07-23 16:10:11', 'descricao14', True);

Insert Into anomalia (zona, imagem, lingua, ts, descricao, tem_anomalia_redacao) values ( 'zona_15', 'imagem15', 'lingua_15', '2016-04-23 14:10:11', 'descricao15', True);

Insert Into anomalia (zona, imagem, lingua, ts, descricao, tem_anomalia_redacao) values ( 'zona_16', 'imagem16', 'lingua_16', '2019-09-13 13:10:11', 'descricao16', False);

Insert Into anomalia_traducao (zona2, lingua2) values ( 'zona2_16', 'lingua2_16');

Insert Into anomalia (zona, imagem, lingua, ts, descricao, tem_anomalia_redacao) values ( 'zona_17', 'imagem17', 'lingua_17', '2019-09-23 14:10:11', 'descricao17', True);

Insert Into anomalia (zona, imagem, lingua, ts, descricao, tem_anomalia_redacao) values ( 'zona_18', 'imagem18', 'lingua_18', '2019-09-23 14:10:11', 'descricao18', True);

Insert Into anomalia (zona, imagem, lingua, ts, descricao, tem_anomalia_redacao) values ( 'zona_19', 'imagem19', 'lingua_19', '2018-07-23 13:10:11', 'descricao19', True);

Insert Into anomalia (zona, imagem, lingua, ts, descricao, tem_anomalia_redacao) values ( 'zona_20', 'imagem20', 'lingua_20', '2016-04-23 14:10:11', 'descricao20', False);

Insert Into anomalia_traducao (zona2, lingua2) values ( 'zona2_20', 'lingua2_20');

Insert Into anomalia (zona, imagem, lingua, ts, descricao, tem_anomalia_redacao) values ( 'zona_21', 'imagem21', 'lingua_21', '2018-07-23 16:10:11', 'descricao21', True);

Insert Into anomalia (zona, imagem, lingua, ts, descricao, tem_anomalia_redacao) values ( 'zona_22', 'imagem22', 'lingua_22', '2017-04-23 16:10:11', 'descricao22', True);

Insert Into anomalia (zona, imagem, lingua, ts, descricao, tem_anomalia_redacao) values ( 'zona_23', 'imagem23', 'lingua_23', '2017-07-23 14:10:11', 'descricao23', False);

Insert Into anomalia_traducao (zona2, lingua2) values ( 'zona2_23', 'lingua2_23');

Insert Into anomalia (zona, imagem, lingua, ts, descricao, tem_anomalia_redacao) values ( 'zona_24', 'imagem24', 'lingua_24', '2019-08-23 13:10:11', 'descricao24', True);

Insert Into anomalia (zona, imagem, lingua, ts, descricao, tem_anomalia_redacao) values ( 'zona_25', 'imagem25', 'lingua_25', '2019-11-23 15:10:11', 'descricao25', False);

Insert Into anomalia_traducao (zona2, lingua2) values ( 'zona2_25', 'lingua2_25');

Insert Into anomalia (zona, imagem, lingua, ts, descricao, tem_anomalia_redacao) values ( 'zona_26', 'imagem26', 'lingua_26', '2019-08-23 13:10:11', 'descricao26', True);

Insert Into anomalia (zona, imagem, lingua, ts, descricao, tem_anomalia_redacao) values ( 'zona_27', 'imagem27', 'lingua_27', '2018-07-23 18:10:11', 'descricao27', False);

Insert Into anomalia_traducao (zona2, lingua2) values ( 'zona2_27', 'lingua2_27');

Insert Into anomalia (zona, imagem, lingua, ts, descricao, tem_anomalia_redacao) values ( 'zona_28', 'imagem28', 'lingua_28', '2017-04-23 16:10:11', 'descricao28', True);

Insert Into anomalia (zona, imagem, lingua, ts, descricao, tem_anomalia_redacao) values ( 'zona_29', 'imagem29', 'lingua_29', '2016-04-23 14:10:11', 'descricao29', True);

Insert Into duplicado values (0, 17);

Insert Into duplicado values (0, 19);

Insert Into duplicado values (0, 23);

Insert Into duplicado values (1, 9);

Insert Into duplicado values (3, 10);

Insert Into duplicado values (3, 14);

Insert Into duplicado values (3, 18);

Insert Into duplicado values (4, 6);

Insert Into duplicado values (4, 21);

Insert Into duplicado values (5, 22);

Insert Into duplicado values (5, 26);

Insert Into duplicado values (5, 27);

Insert Into duplicado values (6, 21);

Insert Into duplicado values (7, 8);

Insert Into duplicado values (7, 20);

Insert Into duplicado values (7, 24);

Insert Into duplicado values (8, 20);

Insert Into duplicado values (8, 24);

Insert Into duplicado values (10, 14);

Insert Into duplicado values (10, 18);

Insert Into duplicado values (11, 25);

Insert Into duplicado values (13, 28);

Insert Into duplicado values (14, 18);

Insert Into duplicado values (17, 19);

Insert Into duplicado values (17, 23);

Insert Into duplicado values (19, 23);

Insert Into duplicado values (20, 24);

Insert Into duplicado values (22, 26);

Insert Into duplicado values (22, 27);

Insert Into duplicado values (26, 27);

Insert Into utilizador values ( 'email0@bd.com', 'password0');

Insert Into utilizador_regular values ( 'email0@bd.com');

Insert Into utilizador values ( 'email1@bd.com', 'password1');

Insert Into utilizador_regular values ( 'email1@bd.com');

Insert Into utilizador values ( 'email2@bd.com', 'password2');

Insert Into utilizador_regular values ( 'email2@bd.com');

Insert Into utilizador values ( 'email3@bd.com', 'password3');

Insert Into utilizador_regular values ( 'email3@bd.com');

Insert Into utilizador values ( 'email4@bd.com', 'password4');

Insert Into utilizador_regular values ( 'email4@bd.com');

Insert Into utilizador values ( 'email5@bd.com', 'password5');

Insert Into utilizador_regular values ( 'email5@bd.com');

Insert Into utilizador values ( 'email6@bd.com', 'password6');

Insert Into utilizador_regular values ( 'email6@bd.com');

Insert Into utilizador values ( 'email7@bd.com', 'password7');

Insert Into utilizador_regular values ( 'email7@bd.com');

Insert Into utilizador values ( 'email8@bd.com', 'password8');

Insert Into utilizador_regular values ( 'email8@bd.com');

Insert Into utilizador values ( 'email9@bd.com', 'password9');

Insert Into utilizador_qualificado values ( 'email9@bd.com');

Insert Into utilizador values ( 'email10@bd.com', 'password10');

Insert Into utilizador_regular values ( 'email10@bd.com');

Insert Into utilizador values ( 'email11@bd.com', 'password11');

Insert Into utilizador_regular values ( 'email11@bd.com');

Insert Into utilizador values ( 'email12@bd.com', 'password12');

Insert Into utilizador_regular values ( 'email12@bd.com');

Insert Into utilizador values ( 'email13@bd.com', 'password13');

Insert Into utilizador_regular values ( 'email13@bd.com');

Insert Into utilizador values ( 'email14@bd.com', 'password14');

Insert Into utilizador_regular values ( 'email14@bd.com');

Insert Into utilizador values ( 'email15@bd.com', 'password15');

Insert Into utilizador_qualificado values ( 'email15@bd.com');

Insert Into utilizador values ( 'email16@bd.com', 'password16');

Insert Into utilizador_regular values ( 'email16@bd.com');

Insert Into utilizador values ( 'email17@bd.com', 'password17');

Insert Into utilizador_regular values ( 'email17@bd.com');

Insert Into utilizador values ( 'email18@bd.com', 'password18');

Insert Into utilizador_qualificado values ( 'email18@bd.com');

Insert Into utilizador values ( 'email19@bd.com', 'password19');

Insert Into utilizador_regular values ( 'email19@bd.com');

Insert Into utilizador values ( 'email20@bd.com', 'password20');

Insert Into utilizador_regular values ( 'email20@bd.com');

Insert Into utilizador values ( 'email21@bd.com', 'password21');

Insert Into utilizador_qualificado values ( 'email21@bd.com');

Insert Into utilizador values ( 'email22@bd.com', 'password22');

Insert Into utilizador_regular values ( 'email22@bd.com');

Insert Into utilizador values ( 'email23@bd.com', 'password23');

Insert Into utilizador_regular values ( 'email23@bd.com');

Insert Into utilizador values ( 'email24@bd.com', 'password24');

Insert Into utilizador_regular values ( 'email24@bd.com');

Insert Into utilizador values ( 'email25@bd.com', 'password25');

Insert Into utilizador_regular values ( 'email25@bd.com');

Insert Into utilizador values ( 'email26@bd.com', 'password26');

Insert Into utilizador_regular values ( 'email26@bd.com');

Insert Into utilizador values ( 'email27@bd.com', 'password27');

Insert Into utilizador_regular values ( 'email27@bd.com');

Insert Into utilizador values ( 'email28@bd.com', 'password28');

Insert Into utilizador_regular values ( 'email28@bd.com');

Insert Into utilizador values ( 'email29@bd.com', 'password29');

Insert Into utilizador_regular values ( 'email29@bd.com');

Insert Into incidencia values (0, 24, 'email19@bd.com');

Insert Into incidencia values (1, 3, 'email22@bd.com');

Insert Into incidencia values (2, 12, 'email19@bd.com');

Insert Into incidencia values (3, 6, 'email23@bd.com');

Insert Into incidencia values (4, 21, 'email28@bd.com');

Insert Into incidencia values (5, 26, 'email24@bd.com');

Insert Into incidencia values (6, 15, 'email1@bd.com');

Insert Into incidencia values (7, 7, 'email9@bd.com');

Insert Into incidencia values (8, 8, 'email5@bd.com');

Insert Into incidencia values (9, 10, 'email28@bd.com');

Insert Into incidencia values (10, 14, 'email15@bd.com');

Insert Into incidencia values (11, 21, 'email29@bd.com');

Insert Into incidencia values (12, 26, 'email29@bd.com');

Insert Into incidencia values (13, 1, 'email12@bd.com');

Insert Into incidencia values (14, 5, 'email11@bd.com');

Insert Into incidencia values (15, 7, 'email2@bd.com');

Insert Into incidencia values (16, 4, 'email18@bd.com');

Insert Into incidencia values (17, 4, 'email16@bd.com');

Insert Into incidencia values (18, 1, 'email2@bd.com');

Insert Into incidencia values (19, 30, 'email18@bd.com');

Insert Into incidencia values (20, 15, 'email3@bd.com');

Insert Into incidencia values (21, 23, 'email29@bd.com');

Insert Into incidencia values (22, 3, 'email11@bd.com');

Insert Into incidencia values (23, 17, 'email12@bd.com');

Insert Into incidencia values (24, 29, 'email15@bd.com');

Insert Into incidencia values (25, 27, 'email10@bd.com');

Insert Into incidencia values (26, 5, 'email18@bd.com');

Insert Into incidencia values (27, 30, 'email16@bd.com');

Insert Into incidencia values (28, 30, 'email10@bd.com');

Insert Into incidencia values (29, 17, 'email29@bd.com');

Insert Into proposta_de_correcao(email, data_hora, texto) values ('email15@bd.com', '2017-07-23 17:10:11', 'texto0');

Insert Into correcao(email, anomalia_id) values ('email15@bd.com', 1);

Insert Into proposta_de_correcao(email, data_hora, texto) values ('email21@bd.com', '2018-07-23 15:10:11', 'texto1');

Insert Into correcao(email, anomalia_id) values ('email21@bd.com', 19);

Insert Into proposta_de_correcao(email, data_hora, texto) values ('email15@bd.com', '2019-11-02 15:10:11', 'texto2');

Insert Into correcao(email, anomalia_id) values ('email15@bd.com', 10);

Insert Into proposta_de_correcao(email, data_hora, texto) values ('email15@bd.com', '2019-11-23 15:10:11', 'texto3');

Insert Into correcao(email, anomalia_id) values ('email15@bd.com', 17);

Insert Into proposta_de_correcao(email, data_hora, texto) values ('email18@bd.com', '2016-04-23 14:10:11', 'texto4');

Insert Into correcao(email, anomalia_id) values ('email18@bd.com', 23);

Insert Into proposta_de_correcao(email, data_hora, texto) values ('email21@bd.com', '2019-09-23 14:10:11', 'texto5');

Insert Into correcao(email, anomalia_id) values ('email21@bd.com', 8);

Insert Into proposta_de_correcao(email, data_hora, texto) values ('email21@bd.com', '2019-08-23 13:10:11', 'texto6');

Insert Into correcao(email, anomalia_id) values ('email21@bd.com', 25);

Insert Into proposta_de_correcao(email, data_hora, texto) values ('email21@bd.com', '2017-07-23 17:10:11', 'texto7');

Insert Into correcao(email, anomalia_id) values ('email21@bd.com', 12);

Insert Into proposta_de_correcao(email, data_hora, texto) values ('email18@bd.com', '2017-04-23 16:10:11', 'texto8');

Insert Into correcao(email, anomalia_id) values ('email18@bd.com', 27);

Insert Into proposta_de_correcao(email, data_hora, texto) values ('email15@bd.com', '2019-09-13 13:10:11', 'texto9');

Insert Into correcao(email, anomalia_id) values ('email15@bd.com', 6);

Insert Into proposta_de_correcao(email, data_hora, texto) values ('email15@bd.com', '2017-07-23 13:10:11', 'texto10');

Insert Into correcao(email, anomalia_id) values ('email15@bd.com', 4);

Insert Into proposta_de_correcao(email, data_hora, texto) values ('email15@bd.com', '2019-11-02 15:10:11', 'texto11');

Insert Into correcao(email, anomalia_id) values ('email15@bd.com', 20);

Insert Into proposta_de_correcao(email, data_hora, texto) values ('email15@bd.com', '2016-04-23 18:10:11', 'texto12');

Insert Into correcao(email, anomalia_id) values ('email15@bd.com', 16);

Insert Into proposta_de_correcao(email, data_hora, texto) values ('email21@bd.com', '2017-07-23 17:10:11', 'texto13');

Insert Into correcao(email, anomalia_id) values ('email21@bd.com', 30);

Insert Into proposta_de_correcao(email, data_hora, texto) values ('email21@bd.com', '2017-07-23 14:10:11', 'texto14');

Insert Into correcao(email, anomalia_id) values ('email21@bd.com', 7);

Insert Into proposta_de_correcao(email, data_hora, texto) values ('email18@bd.com', '2017-07-23 17:10:11', 'texto15');

Insert Into correcao(email, anomalia_id) values ('email18@bd.com', 27);

Insert Into proposta_de_correcao(email, data_hora, texto) values ('email15@bd.com', '2019-04-23 14:10:11', 'texto16');

Insert Into correcao(email, anomalia_id) values ('email15@bd.com', 21);

Insert Into proposta_de_correcao(email, data_hora, texto) values ('email15@bd.com', '2018-04-23 14:10:11', 'texto17');

Insert Into correcao(email, anomalia_id) values ('email15@bd.com', 12);

Insert Into proposta_de_correcao(email, data_hora, texto) values ('email15@bd.com', '2018-04-23 16:10:11', 'texto18');

Insert Into correcao(email, anomalia_id) values ('email15@bd.com', 18);

Insert Into proposta_de_correcao(email, data_hora, texto) values ('email15@bd.com', '2017-07-23 14:10:11', 'texto19');

Insert Into correcao(email, anomalia_id) values ('email15@bd.com', 23);

Insert Into proposta_de_correcao(email, data_hora, texto) values ('email9@bd.com', '2018-07-23 16:10:11', 'texto20');

Insert Into correcao(email, anomalia_id) values ('email9@bd.com', 13);

Insert Into proposta_de_correcao(email, data_hora, texto) values ('email9@bd.com', '2019-04-23 18:10:11', 'texto21');

Insert Into correcao(email, anomalia_id) values ('email9@bd.com', 27);

Insert Into proposta_de_correcao(email, data_hora, texto) values ('email9@bd.com', '2019-04-23 18:10:11', 'texto22');

Insert Into correcao(email, anomalia_id) values ('email9@bd.com', 26);

Insert Into proposta_de_correcao(email, data_hora, texto) values ('email18@bd.com', '2019-04-23 15:10:11', 'texto23');

Insert Into correcao(email, anomalia_id) values ('email18@bd.com', 8);

Insert Into proposta_de_correcao(email, data_hora, texto) values ('email9@bd.com', '2017-07-23 15:10:11', 'texto24');

Insert Into correcao(email, anomalia_id) values ('email9@bd.com', 11);

Insert Into proposta_de_correcao(email, data_hora, texto) values ('email18@bd.com', '2017-07-23 13:10:11', 'texto25');

Insert Into correcao(email, anomalia_id) values ('email18@bd.com', 4);

Insert Into proposta_de_correcao(email, data_hora, texto) values ('email9@bd.com', '2019-10-23 17:10:11', 'texto26');

Insert Into correcao(email, anomalia_id) values ('email9@bd.com', 10);

Insert Into proposta_de_correcao(email, data_hora, texto) values ('email9@bd.com', '2018-04-23 13:10:11', 'texto27');

Insert Into correcao(email, anomalia_id) values ('email9@bd.com', 25);

Insert Into proposta_de_correcao(email, data_hora, texto) values ('email9@bd.com', '2018-07-23 15:10:11', 'texto28');

Insert Into correcao(email, anomalia_id) values ('email9@bd.com', 13);

Insert Into proposta_de_correcao(email, data_hora, texto) values ('email18@bd.com', '2019-10-23 17:10:11', 'texto29');

Insert Into correcao(email, anomalia_id) values ('email18@bd.com', 19);

