Insert Into local_publico values (-42.394360626015704, 143.5470931118034, 'city0');

Insert Into local_publico values (17.463052590312685, 59.63339832244755, 'city1');

Insert Into local_publico values (-7.514328568845812, 31.113406698131683, 'city2');

Insert Into local_publico values (47.36787283875324, 10.912242368936164, 'city3');

Insert Into local_publico values (17.367635111187425, 34.71672026568203, 'city4');

Insert Into local_publico values (-21.83348406837048, 72.4499234452192, 'city5');

Insert Into local_publico values (-23.492856785697015, 173.9058708977575, 'city6');

Insert Into local_publico values (78.0398168303021, 132.6547702736919, 'city7');

Insert Into local_publico values (-51.02020052367787, 155.2737654902851, 'city8');

Insert Into local_publico values (24.2725776709688, 112.68204179978427, 'city9');

Insert Into local_publico values (88.91289501062639, 78.91700461577634, 'city10');

Insert Into local_publico values (7.975479237372056, 58.753434242106124, 'city11');

Insert Into local_publico values (-80.58888395210964, 58.132564251483934, 'city12');

Insert Into local_publico values (49.36456938321098, 12.421397342243486, 'city13');

Insert Into local_publico values (-73.45671298742405, 127.55516277286691, 'city14');

Insert Into item (descricao, localizacao, latitude, longitude) values ( 'descricao0', 'localizacao0', -21.83348406837048, 72.4499234452192);

Insert Into item (descricao, localizacao, latitude, longitude) values ( 'descricao1', 'localizacao1', 78.0398168303021, 132.6547702736919);

Insert Into item (descricao, localizacao, latitude, longitude) values ( 'descricao2', 'localizacao2', 17.367635111187425, 34.71672026568203);

Insert Into item (descricao, localizacao, latitude, longitude) values ( 'descricao3', 'localizacao3', -73.45671298742405, 127.55516277286691);

Insert Into item (descricao, localizacao, latitude, longitude) values ( 'descricao4', 'localizacao4', -80.58888395210964, 58.132564251483934);

Insert Into item (descricao, localizacao, latitude, longitude) values ( 'descricao5', 'localizacao5', 88.91289501062639, 78.91700461577634);

Insert Into item (descricao, localizacao, latitude, longitude) values ( 'descricao6', 'localizacao6', 78.0398168303021, 132.6547702736919);

Insert Into item (descricao, localizacao, latitude, longitude) values ( 'descricao7', 'localizacao7', 17.463052590312685, 59.63339832244755);

Insert Into item (descricao, localizacao, latitude, longitude) values ( 'descricao8', 'localizacao8', 88.91289501062639, 78.91700461577634);

Insert Into item (descricao, localizacao, latitude, longitude) values ( 'descricao9', 'localizacao9', 88.91289501062639, 78.91700461577634);

Insert Into item (descricao, localizacao, latitude, longitude) values ( 'descricao10', 'localizacao10', -51.02020052367787, 155.2737654902851);

Insert Into item (descricao, localizacao, latitude, longitude) values ( 'descricao11', 'localizacao11', -21.83348406837048, 72.4499234452192);

Insert Into item (descricao, localizacao, latitude, longitude) values ( 'descricao12', 'localizacao12', 78.0398168303021, 132.6547702736919);

Insert Into item (descricao, localizacao, latitude, longitude) values ( 'descricao13', 'localizacao13', 88.91289501062639, 78.91700461577634);

Insert Into item (descricao, localizacao, latitude, longitude) values ( 'descricao14', 'localizacao14', 17.367635111187425, 34.71672026568203);

Insert Into item (descricao, localizacao, latitude, longitude) values ( 'descricao15', 'localizacao15', -42.394360626015704, 143.5470931118034);

Insert Into item (descricao, localizacao, latitude, longitude) values ( 'descricao16', 'localizacao16', 17.463052590312685, 59.63339832244755);

Insert Into item (descricao, localizacao, latitude, longitude) values ( 'descricao17', 'localizacao17', 88.91289501062639, 78.91700461577634);

Insert Into item (descricao, localizacao, latitude, longitude) values ( 'descricao18', 'localizacao18', -73.45671298742405, 127.55516277286691);

Insert Into item (descricao, localizacao, latitude, longitude) values ( 'descricao19', 'localizacao19', -42.394360626015704, 143.5470931118034);

Insert Into item (descricao, localizacao, latitude, longitude) values ( 'descricao20', 'localizacao20', 7.975479237372056, 58.753434242106124);

Insert Into item (descricao, localizacao, latitude, longitude) values ( 'descricao21', 'localizacao21', -7.514328568845812, 31.113406698131683);

Insert Into item (descricao, localizacao, latitude, longitude) values ( 'descricao22', 'localizacao22', -23.492856785697015, 173.9058708977575);

Insert Into item (descricao, localizacao, latitude, longitude) values ( 'descricao23', 'localizacao23', -7.514328568845812, 31.113406698131683);

Insert Into item (descricao, localizacao, latitude, longitude) values ( 'descricao24', 'localizacao24', 49.36456938321098, 12.421397342243486);

Insert Into item (descricao, localizacao, latitude, longitude) values ( 'descricao25', 'localizacao25', -23.492856785697015, 173.9058708977575);

Insert Into item (descricao, localizacao, latitude, longitude) values ( 'descricao26', 'localizacao26', 7.975479237372056, 58.753434242106124);

Insert Into item (descricao, localizacao, latitude, longitude) values ( 'descricao27', 'localizacao27', -42.394360626015704, 143.5470931118034);

Insert Into item (descricao, localizacao, latitude, longitude) values ( 'descricao28', 'localizacao28', -73.45671298742405, 127.55516277286691);

Insert Into item (descricao, localizacao, latitude, longitude) values ( 'descricao29', 'localizacao29', 17.463052590312685, 59.63339832244755);

Insert Into anomalia (zona, imagem, lingua, ts, descricao, tem_anomalia_redacao) values ( 'zona_0', 'imagem0', 'lingua_0', '2017-07-23 16:10:11', 'descricao0', False);

Insert Into anomalia_traducao (zona2, lingua2) values ( 'zona2_0', 'lingua2_0');

Insert Into anomalia (zona, imagem, lingua, ts, descricao, tem_anomalia_redacao) values ( 'zona_1', 'imagem1', 'lingua_1', '2017-07-23 16:10:11', 'descricao1', False);

Insert Into anomalia_traducao (zona2, lingua2) values ( 'zona2_1', 'lingua2_1');

Insert Into anomalia (zona, imagem, lingua, ts, descricao, tem_anomalia_redacao) values ( 'zona_2', 'imagem2', 'lingua_2', '2019-09-23 14:10:11', 'descricao2', False);

Insert Into anomalia_traducao (zona2, lingua2) values ( 'zona2_2', 'lingua2_2');

Insert Into anomalia (zona, imagem, lingua, ts, descricao, tem_anomalia_redacao) values ( 'zona_3', 'imagem3', 'lingua_3', '2015-04-23 17:10:11', 'descricao3', False);

Insert Into anomalia_traducao (zona2, lingua2) values ( 'zona2_3', 'lingua2_3');

Insert Into anomalia (zona, imagem, lingua, ts, descricao, tem_anomalia_redacao) values ( 'zona_4', 'imagem4', 'lingua_4', '2016-04-23 18:10:11', 'descricao4', False);

Insert Into anomalia_traducao (zona2, lingua2) values ( 'zona2_4', 'lingua2_4');

Insert Into anomalia (zona, imagem, lingua, ts, descricao, tem_anomalia_redacao) values ( 'zona_5', 'imagem5', 'lingua_5', '2019-04-23 18:10:11', 'descricao5', True);

Insert Into anomalia (zona, imagem, lingua, ts, descricao, tem_anomalia_redacao) values ( 'zona_6', 'imagem6', 'lingua_6', '2018-07-23 13:10:11', 'descricao6', False);

Insert Into anomalia_traducao (zona2, lingua2) values ( 'zona2_6', 'lingua2_6');

Insert Into anomalia (zona, imagem, lingua, ts, descricao, tem_anomalia_redacao) values ( 'zona_7', 'imagem7', 'lingua_7', '2019-09-23 16:10:11', 'descricao7', True);

Insert Into anomalia (zona, imagem, lingua, ts, descricao, tem_anomalia_redacao) values ( 'zona_8', 'imagem8', 'lingua_8', '2019-04-23 17:10:11', 'descricao8', False);

Insert Into anomalia_traducao (zona2, lingua2) values ( 'zona2_8', 'lingua2_8');

Insert Into anomalia (zona, imagem, lingua, ts, descricao, tem_anomalia_redacao) values ( 'zona_9', 'imagem9', 'lingua_9', '2019-04-23 15:10:11', 'descricao9', False);

Insert Into anomalia_traducao (zona2, lingua2) values ( 'zona2_9', 'lingua2_9');

Insert Into anomalia (zona, imagem, lingua, ts, descricao, tem_anomalia_redacao) values ( 'zona_10', 'imagem10', 'lingua_10', '2018-04-23 14:10:11', 'descricao10', True);

Insert Into anomalia (zona, imagem, lingua, ts, descricao, tem_anomalia_redacao) values ( 'zona_11', 'imagem11', 'lingua_11', '2019-10-23 17:10:11', 'descricao11', True);

Insert Into anomalia (zona, imagem, lingua, ts, descricao, tem_anomalia_redacao) values ( 'zona_12', 'imagem12', 'lingua_12', '2017-07-23 17:10:11', 'descricao12', False);

Insert Into anomalia_traducao (zona2, lingua2) values ( 'zona2_12', 'lingua2_12');

Insert Into anomalia (zona, imagem, lingua, ts, descricao, tem_anomalia_redacao) values ( 'zona_13', 'imagem13', 'lingua_13', '2015-04-23 17:10:11', 'descricao13', True);

Insert Into anomalia (zona, imagem, lingua, ts, descricao, tem_anomalia_redacao) values ( 'zona_14', 'imagem14', 'lingua_14', '2018-04-23 16:10:11', 'descricao14', True);

Insert Into anomalia (zona, imagem, lingua, ts, descricao, tem_anomalia_redacao) values ( 'zona_15', 'imagem15', 'lingua_15', '2018-07-23 18:10:11', 'descricao15', False);

Insert Into anomalia_traducao (zona2, lingua2) values ( 'zona2_15', 'lingua2_15');

Insert Into anomalia (zona, imagem, lingua, ts, descricao, tem_anomalia_redacao) values ( 'zona_16', 'imagem16', 'lingua_16', '2019-04-23 15:10:11', 'descricao16', True);

Insert Into anomalia (zona, imagem, lingua, ts, descricao, tem_anomalia_redacao) values ( 'zona_17', 'imagem17', 'lingua_17', '2019-09-23 14:10:11', 'descricao17', False);

Insert Into anomalia_traducao (zona2, lingua2) values ( 'zona2_17', 'lingua2_17');

Insert Into anomalia (zona, imagem, lingua, ts, descricao, tem_anomalia_redacao) values ( 'zona_18', 'imagem18', 'lingua_18', '2019-04-23 14:10:11', 'descricao18', False);

Insert Into anomalia_traducao (zona2, lingua2) values ( 'zona2_18', 'lingua2_18');

Insert Into anomalia (zona, imagem, lingua, ts, descricao, tem_anomalia_redacao) values ( 'zona_19', 'imagem19', 'lingua_19', '2018-07-23 16:10:11', 'descricao19', True);

Insert Into anomalia (zona, imagem, lingua, ts, descricao, tem_anomalia_redacao) values ( 'zona_20', 'imagem20', 'lingua_20', '2019-08-23 13:10:11', 'descricao20', False);

Insert Into anomalia_traducao (zona2, lingua2) values ( 'zona2_20', 'lingua2_20');

Insert Into anomalia (zona, imagem, lingua, ts, descricao, tem_anomalia_redacao) values ( 'zona_21', 'imagem21', 'lingua_21', '2017-04-23 18:10:11', 'descricao21', True);

Insert Into anomalia (zona, imagem, lingua, ts, descricao, tem_anomalia_redacao) values ( 'zona_22', 'imagem22', 'lingua_22', '2015-04-23 17:10:11', 'descricao22', False);

Insert Into anomalia_traducao (zona2, lingua2) values ( 'zona2_22', 'lingua2_22');

Insert Into anomalia (zona, imagem, lingua, ts, descricao, tem_anomalia_redacao) values ( 'zona_23', 'imagem23', 'lingua_23', '2019-04-23 15:10:11', 'descricao23', False);

Insert Into anomalia_traducao (zona2, lingua2) values ( 'zona2_23', 'lingua2_23');

Insert Into anomalia (zona, imagem, lingua, ts, descricao, tem_anomalia_redacao) values ( 'zona_24', 'imagem24', 'lingua_24', '2016-04-23 14:10:11', 'descricao24', False);

Insert Into anomalia_traducao (zona2, lingua2) values ( 'zona2_24', 'lingua2_24');

Insert Into anomalia (zona, imagem, lingua, ts, descricao, tem_anomalia_redacao) values ( 'zona_25', 'imagem25', 'lingua_25', '2019-04-23 15:10:11', 'descricao25', True);

Insert Into anomalia (zona, imagem, lingua, ts, descricao, tem_anomalia_redacao) values ( 'zona_26', 'imagem26', 'lingua_26', '2019-04-23 15:10:11', 'descricao26', True);

Insert Into anomalia (zona, imagem, lingua, ts, descricao, tem_anomalia_redacao) values ( 'zona_27', 'imagem27', 'lingua_27', '2015-04-23 17:10:11', 'descricao27', False);

Insert Into anomalia_traducao (zona2, lingua2) values ( 'zona2_27', 'lingua2_27');

Insert Into anomalia (zona, imagem, lingua, ts, descricao, tem_anomalia_redacao) values ( 'zona_28', 'imagem28', 'lingua_28', '2018-07-23 16:10:11', 'descricao28', False);

Insert Into anomalia_traducao (zona2, lingua2) values ( 'zona2_28', 'lingua2_28');

Insert Into anomalia (zona, imagem, lingua, ts, descricao, tem_anomalia_redacao) values ( 'zona_29', 'imagem29', 'lingua_29', '2019-11-02 15:10:11', 'descricao29', True);

Insert Into duplicado values (0, 11);

Insert Into duplicado values (1, 6);

Insert Into duplicado values (1, 12);

Insert Into duplicado values (2, 14);

Insert Into duplicado values (3, 18);

Insert Into duplicado values (3, 28);

Insert Into duplicado values (5, 8);

Insert Into duplicado values (5, 9);

Insert Into duplicado values (5, 13);

Insert Into duplicado values (5, 17);

Insert Into duplicado values (6, 12);

Insert Into duplicado values (7, 16);

Insert Into duplicado values (7, 29);

Insert Into duplicado values (8, 9);

Insert Into duplicado values (8, 13);

Insert Into duplicado values (8, 17);

Insert Into duplicado values (9, 13);

Insert Into duplicado values (9, 17);

Insert Into duplicado values (13, 17);

Insert Into duplicado values (15, 19);

Insert Into duplicado values (15, 27);

Insert Into duplicado values (16, 29);

Insert Into duplicado values (18, 28);

Insert Into duplicado values (19, 27);

Insert Into duplicado values (20, 26);

Insert Into duplicado values (21, 23);

Insert Into duplicado values (22, 25);

Insert Into utilizador values ( 'email0@bd.com', 'password0');

Insert Into utilizador_qualificado values ( 'email0@bd.com');

Insert Into utilizador values ( 'email1@bd.com', 'password1');

Insert Into utilizador_qualificado values ( 'email1@bd.com');

Insert Into utilizador values ( 'email2@bd.com', 'password2');

Insert Into utilizador_qualificado values ( 'email2@bd.com');

Insert Into utilizador values ( 'email3@bd.com', 'password3');

Insert Into utilizador_regular values ( 'email3@bd.com');

Insert Into utilizador values ( 'email4@bd.com', 'password4');

Insert Into utilizador_regular values ( 'email4@bd.com');

Insert Into utilizador values ( 'email5@bd.com', 'password5');

Insert Into utilizador_regular values ( 'email5@bd.com');

Insert Into utilizador values ( 'email6@bd.com', 'password6');

Insert Into utilizador_regular values ( 'email6@bd.com');

Insert Into utilizador values ( 'email7@bd.com', 'password7');

Insert Into utilizador_regular values ( 'email7@bd.com');

Insert Into utilizador values ( 'email8@bd.com', 'password8');

Insert Into utilizador_regular values ( 'email8@bd.com');

Insert Into utilizador values ( 'email9@bd.com', 'password9');

Insert Into utilizador_qualificado values ( 'email9@bd.com');

Insert Into utilizador values ( 'email10@bd.com', 'password10');

Insert Into utilizador_qualificado values ( 'email10@bd.com');

Insert Into utilizador values ( 'email11@bd.com', 'password11');

Insert Into utilizador_regular values ( 'email11@bd.com');

Insert Into utilizador values ( 'email12@bd.com', 'password12');

Insert Into utilizador_regular values ( 'email12@bd.com');

Insert Into utilizador values ( 'email13@bd.com', 'password13');

Insert Into utilizador_regular values ( 'email13@bd.com');

Insert Into utilizador values ( 'email14@bd.com', 'password14');

Insert Into utilizador_qualificado values ( 'email14@bd.com');

Insert Into utilizador values ( 'email15@bd.com', 'password15');

Insert Into utilizador_regular values ( 'email15@bd.com');

Insert Into utilizador values ( 'email16@bd.com', 'password16');

Insert Into utilizador_qualificado values ( 'email16@bd.com');

Insert Into utilizador values ( 'email17@bd.com', 'password17');

Insert Into utilizador_regular values ( 'email17@bd.com');

Insert Into utilizador values ( 'email18@bd.com', 'password18');

Insert Into utilizador_regular values ( 'email18@bd.com');

Insert Into utilizador values ( 'email19@bd.com', 'password19');

Insert Into utilizador_qualificado values ( 'email19@bd.com');

Insert Into utilizador values ( 'email20@bd.com', 'password20');

Insert Into utilizador_regular values ( 'email20@bd.com');

Insert Into utilizador values ( 'email21@bd.com', 'password21');

Insert Into utilizador_regular values ( 'email21@bd.com');

Insert Into utilizador values ( 'email22@bd.com', 'password22');

Insert Into utilizador_qualificado values ( 'email22@bd.com');

Insert Into utilizador values ( 'email23@bd.com', 'password23');

Insert Into utilizador_regular values ( 'email23@bd.com');

Insert Into utilizador values ( 'email24@bd.com', 'password24');

Insert Into utilizador_regular values ( 'email24@bd.com');

Insert Into utilizador values ( 'email25@bd.com', 'password25');

Insert Into utilizador_regular values ( 'email25@bd.com');

Insert Into utilizador values ( 'email26@bd.com', 'password26');

Insert Into utilizador_regular values ( 'email26@bd.com');

Insert Into utilizador values ( 'email27@bd.com', 'password27');

Insert Into utilizador_qualificado values ( 'email27@bd.com');

Insert Into utilizador values ( 'email28@bd.com', 'password28');

Insert Into utilizador_regular values ( 'email28@bd.com');

Insert Into utilizador values ( 'email29@bd.com', 'password29');

Insert Into utilizador_regular values ( 'email29@bd.com');

Insert Into incidencia values (0, 16, 'email11@bd.com');

Insert Into incidencia values (1, 22, 'email14@bd.com');

Insert Into incidencia values (2, 28, 'email8@bd.com');

Insert Into incidencia values (3, 28, 'email25@bd.com');

Insert Into incidencia values (4, 23, 'email22@bd.com');

Insert Into incidencia values (5, 11, 'email14@bd.com');

Insert Into incidencia values (6, 27, 'email7@bd.com');

Insert Into incidencia values (7, 16, 'email11@bd.com');

Insert Into incidencia values (8, 11, 'email19@bd.com');

Insert Into incidencia values (9, 17, 'email5@bd.com');

Insert Into incidencia values (10, 3, 'email0@bd.com');

Insert Into incidencia values (11, 5, 'email14@bd.com');

Insert Into incidencia values (12, 8, 'email23@bd.com');

Insert Into incidencia values (13, 24, 'email27@bd.com');

Insert Into incidencia values (14, 23, 'email4@bd.com');

Insert Into incidencia values (15, 29, 'email0@bd.com');

Insert Into incidencia values (16, 3, 'email7@bd.com');

Insert Into incidencia values (17, 26, 'email4@bd.com');

Insert Into incidencia values (18, 6, 'email28@bd.com');

Insert Into incidencia values (19, 3, 'email18@bd.com');

Insert Into incidencia values (20, 2, 'email16@bd.com');

Insert Into incidencia values (21, 8, 'email14@bd.com');

Insert Into incidencia values (22, 11, 'email24@bd.com');

Insert Into incidencia values (23, 22, 'email21@bd.com');

Insert Into incidencia values (24, 9, 'email26@bd.com');

Insert Into incidencia values (25, 25, 'email16@bd.com');

Insert Into incidencia values (26, 3, 'email13@bd.com');

Insert Into incidencia values (27, 2, 'email25@bd.com');

Insert Into incidencia values (28, 1, 'email19@bd.com');

Insert Into incidencia values (29, 22, 'email15@bd.com');

Insert Into proposta_de_correcao(email, data_hora, texto) values ('email14@bd.com', '2015-04-23 17:10:11', 'texto0');

Insert Into correcao(email, anomalia_id) values ('email14@bd.com', 27);

Insert Into proposta_de_correcao(email, data_hora, texto) values ('email14@bd.com', '2019-09-23 16:10:11', 'texto1');

Insert Into correcao(email, anomalia_id) values ('email14@bd.com', 3);

Insert Into proposta_de_correcao(email, data_hora, texto) values ('email27@bd.com', '2017-07-23 15:10:11', 'texto2');

Insert Into correcao(email, anomalia_id) values ('email27@bd.com', 6);

Insert Into proposta_de_correcao(email, data_hora, texto) values ('email2@bd.com', '2017-07-23 17:10:11', 'texto3');

Insert Into correcao(email, anomalia_id) values ('email2@bd.com', 17);

Insert Into proposta_de_correcao(email, data_hora, texto) values ('email19@bd.com', '2015-04-23 17:10:11', 'texto4');

Insert Into correcao(email, anomalia_id) values ('email19@bd.com', 26);

Insert Into proposta_de_correcao(email, data_hora, texto) values ('email22@bd.com', '2018-04-23 16:10:11', 'texto5');

Insert Into correcao(email, anomalia_id) values ('email22@bd.com', 29);

Insert Into proposta_de_correcao(email, data_hora, texto) values ('email9@bd.com', '2019-04-23 15:10:11', 'texto6');

Insert Into correcao(email, anomalia_id) values ('email9@bd.com', 14);

Insert Into proposta_de_correcao(email, data_hora, texto) values ('email1@bd.com', '2015-04-23 17:10:11', 'texto7');

Insert Into correcao(email, anomalia_id) values ('email1@bd.com', 23);

Insert Into proposta_de_correcao(email, data_hora, texto) values ('email0@bd.com', '2016-04-23 18:10:11', 'texto8');

Insert Into correcao(email, anomalia_id) values ('email0@bd.com', 13);

Insert Into proposta_de_correcao(email, data_hora, texto) values ('email27@bd.com', '2019-09-23 14:10:11', 'texto9');

Insert Into correcao(email, anomalia_id) values ('email27@bd.com', 20);

Insert Into proposta_de_correcao(email, data_hora, texto) values ('email16@bd.com', '2019-11-23 15:10:11', 'texto10');

Insert Into correcao(email, anomalia_id) values ('email16@bd.com', 1);

Insert Into proposta_de_correcao(email, data_hora, texto) values ('email10@bd.com', '2019-04-23 17:10:11', 'texto11');

Insert Into correcao(email, anomalia_id) values ('email10@bd.com', 17);

Insert Into proposta_de_correcao(email, data_hora, texto) values ('email10@bd.com', '2017-07-23 18:10:11', 'texto12');

Insert Into correcao(email, anomalia_id) values ('email10@bd.com', 8);

Insert Into proposta_de_correcao(email, data_hora, texto) values ('email10@bd.com', '2017-04-23 16:10:11', 'texto13');

Insert Into correcao(email, anomalia_id) values ('email10@bd.com', 27);

Insert Into proposta_de_correcao(email, data_hora, texto) values ('email9@bd.com', '2018-07-23 16:10:11', 'texto14');

Insert Into correcao(email, anomalia_id) values ('email9@bd.com', 7);

Insert Into proposta_de_correcao(email, data_hora, texto) values ('email16@bd.com', '2019-11-02 15:10:11', 'texto15');

Insert Into correcao(email, anomalia_id) values ('email16@bd.com', 15);

Insert Into proposta_de_correcao(email, data_hora, texto) values ('email14@bd.com', '2017-07-23 15:10:11', 'texto16');

Insert Into correcao(email, anomalia_id) values ('email14@bd.com', 21);

Insert Into proposta_de_correcao(email, data_hora, texto) values ('email0@bd.com', '2017-07-23 17:10:11', 'texto17');

Insert Into correcao(email, anomalia_id) values ('email0@bd.com', 5);

Insert Into proposta_de_correcao(email, data_hora, texto) values ('email9@bd.com', '2019-09-23 14:10:11', 'texto18');

Insert Into correcao(email, anomalia_id) values ('email9@bd.com', 29);

Insert Into proposta_de_correcao(email, data_hora, texto) values ('email22@bd.com', '2019-04-23 15:10:11', 'texto19');

Insert Into correcao(email, anomalia_id) values ('email22@bd.com', 8);

Insert Into proposta_de_correcao(email, data_hora, texto) values ('email22@bd.com', '2017-04-23 18:10:11', 'texto20');

Insert Into correcao(email, anomalia_id) values ('email22@bd.com', 13);

Insert Into proposta_de_correcao(email, data_hora, texto) values ('email10@bd.com', '2018-04-23 16:10:11', 'texto21');

Insert Into correcao(email, anomalia_id) values ('email10@bd.com', 3);

Insert Into proposta_de_correcao(email, data_hora, texto) values ('email2@bd.com', '2019-11-23 15:10:11', 'texto22');

Insert Into correcao(email, anomalia_id) values ('email2@bd.com', 17);

Insert Into proposta_de_correcao(email, data_hora, texto) values ('email2@bd.com', '2018-07-23 18:10:11', 'texto23');

Insert Into correcao(email, anomalia_id) values ('email2@bd.com', 3);

Insert Into proposta_de_correcao(email, data_hora, texto) values ('email0@bd.com', '2016-04-23 14:10:11', 'texto24');

Insert Into correcao(email, anomalia_id) values ('email0@bd.com', 24);

Insert Into proposta_de_correcao(email, data_hora, texto) values ('email27@bd.com', '2018-07-23 18:10:11', 'texto25');

Insert Into correcao(email, anomalia_id) values ('email27@bd.com', 29);

Insert Into proposta_de_correcao(email, data_hora, texto) values ('email9@bd.com', '2017-04-23 16:10:11', 'texto26');

Insert Into correcao(email, anomalia_id) values ('email9@bd.com', 15);

Insert Into proposta_de_correcao(email, data_hora, texto) values ('email22@bd.com', '2017-04-23 16:10:11', 'texto27');

Insert Into correcao(email, anomalia_id) values ('email22@bd.com', 20);

Insert Into proposta_de_correcao(email, data_hora, texto) values ('email1@bd.com', '2019-09-23 16:10:11', 'texto28');

Insert Into correcao(email, anomalia_id) values ('email1@bd.com', 22);

Insert Into proposta_de_correcao(email, data_hora, texto) values ('email16@bd.com', '2018-04-23 13:10:11', 'texto29');

Insert Into correcao(email, anomalia_id) values ('email16@bd.com', 19);

