Insert Into local_publico values (-42.50825227685554, 115.70012957024797, 'city0');

Insert Into local_publico values (49.14478236876312, 113.23507323618757, 'city1');

Insert Into local_publico values (-1.516875229845425, 51.60186754230821, 'city2');

Insert Into local_publico values (47.51408091929892, 54.35747261406501, 'city3');

Insert Into local_publico values (73.74294117407788, 175.8260190037726, 'city4');

Insert Into local_publico values (61.53676572311838, 73.26393028090759, 'city5');

Insert Into local_publico values (17.473590509146902, 52.09655740048725, 'city6');

Insert Into local_publico values (56.02446780132814, 140.47434759138116, 'city7');

Insert Into local_publico values (-70.31059683783536, 51.15773420947926, 'city8');

Insert Into local_publico values (39.73596539956628, 70.98190566196085, 'city9');

Insert Into local_publico values (44.907609261989535, 75.48956034369678, 'city10');

Insert Into local_publico values (11.674112420144098, 15.721355086792244, 'city11');

Insert Into local_publico values (70.68612733019981, 126.02961405439993, 'city12');

Insert Into local_publico values (-37.68073190831548, 22.617570303071254, 'city13');

Insert Into local_publico values (57.512549809441, 80.85676432355265, 'city14');

Insert Into item (descricao, localizacao, latitude, longitude) values ( 'descricao0', 'localizacao0', 49.14478236876312, 113.23507323618757);

Insert Into item (descricao, localizacao, latitude, longitude) values ( 'descricao1', 'localizacao1', 39.73596539956628, 70.98190566196085);

Insert Into item (descricao, localizacao, latitude, longitude) values ( 'descricao2', 'localizacao2', -1.516875229845425, 51.60186754230821);

Insert Into item (descricao, localizacao, latitude, longitude) values ( 'descricao3', 'localizacao3', 61.53676572311838, 73.26393028090759);

Insert Into item (descricao, localizacao, latitude, longitude) values ( 'descricao4', 'localizacao4', 73.74294117407788, 175.8260190037726);

Insert Into item (descricao, localizacao, latitude, longitude) values ( 'descricao5', 'localizacao5', -70.31059683783536, 51.15773420947926);

Insert Into item (descricao, localizacao, latitude, longitude) values ( 'descricao6', 'localizacao6', 61.53676572311838, 73.26393028090759);

Insert Into item (descricao, localizacao, latitude, longitude) values ( 'descricao7', 'localizacao7', -70.31059683783536, 51.15773420947926);

Insert Into item (descricao, localizacao, latitude, longitude) values ( 'descricao8', 'localizacao8', 49.14478236876312, 113.23507323618757);

Insert Into item (descricao, localizacao, latitude, longitude) values ( 'descricao9', 'localizacao9', 56.02446780132814, 140.47434759138116);

Insert Into item (descricao, localizacao, latitude, longitude) values ( 'descricao10', 'localizacao10', -1.516875229845425, 51.60186754230821);

Insert Into item (descricao, localizacao, latitude, longitude) values ( 'descricao11', 'localizacao11', 47.51408091929892, 54.35747261406501);

Insert Into item (descricao, localizacao, latitude, longitude) values ( 'descricao12', 'localizacao12', 47.51408091929892, 54.35747261406501);

Insert Into item (descricao, localizacao, latitude, longitude) values ( 'descricao13', 'localizacao13', 39.73596539956628, 70.98190566196085);

Insert Into item (descricao, localizacao, latitude, longitude) values ( 'descricao14', 'localizacao14', 73.74294117407788, 175.8260190037726);

Insert Into item (descricao, localizacao, latitude, longitude) values ( 'descricao15', 'localizacao15', 57.512549809441, 80.85676432355265);

Insert Into item (descricao, localizacao, latitude, longitude) values ( 'descricao16', 'localizacao16', 70.68612733019981, 126.02961405439993);

Insert Into item (descricao, localizacao, latitude, longitude) values ( 'descricao17', 'localizacao17', 70.68612733019981, 126.02961405439993);

Insert Into item (descricao, localizacao, latitude, longitude) values ( 'descricao18', 'localizacao18', -42.50825227685554, 115.70012957024797);

Insert Into item (descricao, localizacao, latitude, longitude) values ( 'descricao19', 'localizacao19', 56.02446780132814, 140.47434759138116);

Insert Into item (descricao, localizacao, latitude, longitude) values ( 'descricao20', 'localizacao20', 44.907609261989535, 75.48956034369678);

Insert Into item (descricao, localizacao, latitude, longitude) values ( 'descricao21', 'localizacao21', -70.31059683783536, 51.15773420947926);

Insert Into item (descricao, localizacao, latitude, longitude) values ( 'descricao22', 'localizacao22', 44.907609261989535, 75.48956034369678);

Insert Into item (descricao, localizacao, latitude, longitude) values ( 'descricao23', 'localizacao23', -70.31059683783536, 51.15773420947926);

Insert Into item (descricao, localizacao, latitude, longitude) values ( 'descricao24', 'localizacao24', 56.02446780132814, 140.47434759138116);

Insert Into item (descricao, localizacao, latitude, longitude) values ( 'descricao25', 'localizacao25', 44.907609261989535, 75.48956034369678);

Insert Into item (descricao, localizacao, latitude, longitude) values ( 'descricao26', 'localizacao26', -70.31059683783536, 51.15773420947926);

Insert Into item (descricao, localizacao, latitude, longitude) values ( 'descricao27', 'localizacao27', 11.674112420144098, 15.721355086792244);

Insert Into item (descricao, localizacao, latitude, longitude) values ( 'descricao28', 'localizacao28', 47.51408091929892, 54.35747261406501);

Insert Into item (descricao, localizacao, latitude, longitude) values ( 'descricao29', 'localizacao29', 56.02446780132814, 140.47434759138116);

Insert Into anomalia (zona, imagem, lingua, ts, descricao, tem_anomalia_redacao) values ( 'zona_0', 'imagem0', 'lingua_0', '2015-04-23 17:10:11', 'descricao0', False);

Insert Into anomalia_traducao (zona2, lingua2) values ( 'zona2_0', 'lingua2_0');

Insert Into anomalia (zona, imagem, lingua, ts, descricao, tem_anomalia_redacao) values ( 'zona_1', 'imagem1', 'lingua_1', '2018-08-23 18:10:11', 'descricao1', True);

Insert Into anomalia (zona, imagem, lingua, ts, descricao, tem_anomalia_redacao) values ( 'zona_2', 'imagem2', 'lingua_2', '2015-04-23 17:10:11', 'descricao2', False);

Insert Into anomalia_traducao (zona2, lingua2) values ( 'zona2_2', 'lingua2_2');

Insert Into anomalia (zona, imagem, lingua, ts, descricao, tem_anomalia_redacao) values ( 'zona_3', 'imagem3', 'lingua_3', '2018-04-23 17:10:11', 'descricao3', False);

Insert Into anomalia_traducao (zona2, lingua2) values ( 'zona2_3', 'lingua2_3');

Insert Into anomalia (zona, imagem, lingua, ts, descricao, tem_anomalia_redacao) values ( 'zona_4', 'imagem4', 'lingua_4', '2017-04-23 16:10:11', 'descricao4', False);

Insert Into anomalia_traducao (zona2, lingua2) values ( 'zona2_4', 'lingua2_4');

Insert Into anomalia (zona, imagem, lingua, ts, descricao, tem_anomalia_redacao) values ( 'zona_5', 'imagem5', 'lingua_5', '2018-07-23 15:10:11', 'descricao5', True);

Insert Into anomalia (zona, imagem, lingua, ts, descricao, tem_anomalia_redacao) values ( 'zona_6', 'imagem6', 'lingua_6', '2017-07-23 13:10:11', 'descricao6', True);

Insert Into anomalia (zona, imagem, lingua, ts, descricao, tem_anomalia_redacao) values ( 'zona_7', 'imagem7', 'lingua_7', '2017-04-23 13:10:11', 'descricao7', True);

Insert Into anomalia (zona, imagem, lingua, ts, descricao, tem_anomalia_redacao) values ( 'zona_8', 'imagem8', 'lingua_8', '2017-04-23 17:10:11', 'descricao8', True);

Insert Into anomalia (zona, imagem, lingua, ts, descricao, tem_anomalia_redacao) values ( 'zona_9', 'imagem9', 'lingua_9', '2015-04-23 15:10:11', 'descricao9', True);

Insert Into anomalia (zona, imagem, lingua, ts, descricao, tem_anomalia_redacao) values ( 'zona_10', 'imagem10', 'lingua_10', '2017-07-23 16:10:11', 'descricao10', True);

Insert Into anomalia (zona, imagem, lingua, ts, descricao, tem_anomalia_redacao) values ( 'zona_11', 'imagem11', 'lingua_11', '2018-07-23 18:10:11', 'descricao11', True);

Insert Into anomalia (zona, imagem, lingua, ts, descricao, tem_anomalia_redacao) values ( 'zona_12', 'imagem12', 'lingua_12', '2018-07-23 13:10:11', 'descricao12', True);

Insert Into anomalia (zona, imagem, lingua, ts, descricao, tem_anomalia_redacao) values ( 'zona_13', 'imagem13', 'lingua_13', '2017-04-23 14:10:11', 'descricao13', True);

Insert Into anomalia (zona, imagem, lingua, ts, descricao, tem_anomalia_redacao) values ( 'zona_14', 'imagem14', 'lingua_14', '2017-07-23 14:10:11', 'descricao14', True);

Insert Into anomalia (zona, imagem, lingua, ts, descricao, tem_anomalia_redacao) values ( 'zona_15', 'imagem15', 'lingua_15', '2017-07-23 15:10:11', 'descricao15', False);

Insert Into anomalia_traducao (zona2, lingua2) values ( 'zona2_15', 'lingua2_15');

Insert Into anomalia (zona, imagem, lingua, ts, descricao, tem_anomalia_redacao) values ( 'zona_16', 'imagem16', 'lingua_16', '2018-08-23 15:10:11', 'descricao16', False);

Insert Into anomalia_traducao (zona2, lingua2) values ( 'zona2_16', 'lingua2_16');

Insert Into anomalia (zona, imagem, lingua, ts, descricao, tem_anomalia_redacao) values ( 'zona_17', 'imagem17', 'lingua_17', '2017-04-23 15:10:11', 'descricao17', False);

Insert Into anomalia_traducao (zona2, lingua2) values ( 'zona2_17', 'lingua2_17');

Insert Into anomalia (zona, imagem, lingua, ts, descricao, tem_anomalia_redacao) values ( 'zona_18', 'imagem18', 'lingua_18', '2018-08-23 18:10:11', 'descricao18', False);

Insert Into anomalia_traducao (zona2, lingua2) values ( 'zona2_18', 'lingua2_18');

Insert Into anomalia (zona, imagem, lingua, ts, descricao, tem_anomalia_redacao) values ( 'zona_19', 'imagem19', 'lingua_19', '2018-07-23 14:10:11', 'descricao19', False);

Insert Into anomalia_traducao (zona2, lingua2) values ( 'zona2_19', 'lingua2_19');

Insert Into anomalia (zona, imagem, lingua, ts, descricao, tem_anomalia_redacao) values ( 'zona_20', 'imagem20', 'lingua_20', '2018-08-23 18:10:11', 'descricao20', False);

Insert Into anomalia_traducao (zona2, lingua2) values ( 'zona2_20', 'lingua2_20');

Insert Into anomalia (zona, imagem, lingua, ts, descricao, tem_anomalia_redacao) values ( 'zona_21', 'imagem21', 'lingua_21', '2017-07-23 13:10:11', 'descricao21', True);

Insert Into anomalia (zona, imagem, lingua, ts, descricao, tem_anomalia_redacao) values ( 'zona_22', 'imagem22', 'lingua_22', '2018-07-23 18:10:11', 'descricao22', True);

Insert Into anomalia (zona, imagem, lingua, ts, descricao, tem_anomalia_redacao) values ( 'zona_23', 'imagem23', 'lingua_23', '2017-04-23 16:10:11', 'descricao23', False);

Insert Into anomalia_traducao (zona2, lingua2) values ( 'zona2_23', 'lingua2_23');

Insert Into anomalia (zona, imagem, lingua, ts, descricao, tem_anomalia_redacao) values ( 'zona_24', 'imagem24', 'lingua_24', '2018-07-23 16:10:11', 'descricao24', True);

Insert Into anomalia (zona, imagem, lingua, ts, descricao, tem_anomalia_redacao) values ( 'zona_25', 'imagem25', 'lingua_25', '2018-04-23 15:10:11', 'descricao25', False);

Insert Into anomalia_traducao (zona2, lingua2) values ( 'zona2_25', 'lingua2_25');

Insert Into anomalia (zona, imagem, lingua, ts, descricao, tem_anomalia_redacao) values ( 'zona_26', 'imagem26', 'lingua_26', '2017-04-23 14:10:11', 'descricao26', False);

Insert Into anomalia_traducao (zona2, lingua2) values ( 'zona2_26', 'lingua2_26');

Insert Into anomalia (zona, imagem, lingua, ts, descricao, tem_anomalia_redacao) values ( 'zona_27', 'imagem27', 'lingua_27', '2018-08-23 17:10:11', 'descricao27', False);

Insert Into anomalia_traducao (zona2, lingua2) values ( 'zona2_27', 'lingua2_27');

Insert Into anomalia (zona, imagem, lingua, ts, descricao, tem_anomalia_redacao) values ( 'zona_28', 'imagem28', 'lingua_28', '2017-07-23 13:10:11', 'descricao28', False);

Insert Into anomalia_traducao (zona2, lingua2) values ( 'zona2_28', 'lingua2_28');

Insert Into anomalia (zona, imagem, lingua, ts, descricao, tem_anomalia_redacao) values ( 'zona_29', 'imagem29', 'lingua_29', '2018-08-23 15:10:11', 'descricao29', False);

Insert Into anomalia_traducao (zona2, lingua2) values ( 'zona2_29', 'lingua2_29');

Insert Into duplicado values (0, 8);

Insert Into duplicado values (1, 13);

Insert Into duplicado values (2, 10);

Insert Into duplicado values (3, 6);

Insert Into duplicado values (4, 14);

Insert Into duplicado values (5, 7);

Insert Into duplicado values (5, 21);

Insert Into duplicado values (5, 23);

Insert Into duplicado values (5, 26);

Insert Into duplicado values (7, 21);

Insert Into duplicado values (7, 23);

Insert Into duplicado values (7, 26);

Insert Into duplicado values (9, 19);

Insert Into duplicado values (9, 24);

Insert Into duplicado values (9, 29);

Insert Into duplicado values (11, 12);

Insert Into duplicado values (11, 28);

Insert Into duplicado values (12, 28);

Insert Into duplicado values (16, 17);

Insert Into duplicado values (19, 24);

Insert Into duplicado values (19, 29);

Insert Into duplicado values (20, 22);

Insert Into duplicado values (20, 25);

Insert Into duplicado values (21, 23);

Insert Into duplicado values (21, 26);

Insert Into duplicado values (22, 25);

Insert Into duplicado values (23, 26);

Insert Into duplicado values (24, 29);

Insert Into utilizador values ( 'email0@bd.com', 'password0');

Insert Into utilizador_regular values ( 'email0@bd.com');

Insert Into utilizador values ( 'email1@bd.com', 'password1');

Insert Into utilizador_regular values ( 'email1@bd.com');

Insert Into utilizador values ( 'email2@bd.com', 'password2');

Insert Into utilizador_regular values ( 'email2@bd.com');

Insert Into utilizador values ( 'email3@bd.com', 'password3');

Insert Into utilizador_regular values ( 'email3@bd.com');

Insert Into utilizador values ( 'email4@bd.com', 'password4');

Insert Into utilizador_regular values ( 'email4@bd.com');

Insert Into utilizador values ( 'email5@bd.com', 'password5');

Insert Into utilizador_regular values ( 'email5@bd.com');

Insert Into utilizador values ( 'email6@bd.com', 'password6');

Insert Into utilizador_qualificado values ( 'email6@bd.com');

Insert Into utilizador values ( 'email7@bd.com', 'password7');

Insert Into utilizador_qualificado values ( 'email7@bd.com');

Insert Into utilizador values ( 'email8@bd.com', 'password8');

Insert Into utilizador_regular values ( 'email8@bd.com');

Insert Into utilizador values ( 'email9@bd.com', 'password9');

Insert Into utilizador_regular values ( 'email9@bd.com');

Insert Into utilizador values ( 'email10@bd.com', 'password10');

Insert Into utilizador_regular values ( 'email10@bd.com');

Insert Into utilizador values ( 'email11@bd.com', 'password11');

Insert Into utilizador_qualificado values ( 'email11@bd.com');

Insert Into utilizador values ( 'email12@bd.com', 'password12');

Insert Into utilizador_qualificado values ( 'email12@bd.com');

Insert Into utilizador values ( 'email13@bd.com', 'password13');

Insert Into utilizador_regular values ( 'email13@bd.com');

Insert Into utilizador values ( 'email14@bd.com', 'password14');

Insert Into utilizador_qualificado values ( 'email14@bd.com');

Insert Into utilizador values ( 'email15@bd.com', 'password15');

Insert Into utilizador_regular values ( 'email15@bd.com');

Insert Into utilizador values ( 'email16@bd.com', 'password16');

Insert Into utilizador_qualificado values ( 'email16@bd.com');

Insert Into utilizador values ( 'email17@bd.com', 'password17');

Insert Into utilizador_regular values ( 'email17@bd.com');

Insert Into utilizador values ( 'email18@bd.com', 'password18');

Insert Into utilizador_regular values ( 'email18@bd.com');

Insert Into utilizador values ( 'email19@bd.com', 'password19');

Insert Into utilizador_qualificado values ( 'email19@bd.com');

Insert Into utilizador values ( 'email20@bd.com', 'password20');

Insert Into utilizador_qualificado values ( 'email20@bd.com');

Insert Into utilizador values ( 'email21@bd.com', 'password21');

Insert Into utilizador_regular values ( 'email21@bd.com');

Insert Into utilizador values ( 'email22@bd.com', 'password22');

Insert Into utilizador_regular values ( 'email22@bd.com');

Insert Into utilizador values ( 'email23@bd.com', 'password23');

Insert Into utilizador_regular values ( 'email23@bd.com');

Insert Into utilizador values ( 'email24@bd.com', 'password24');

Insert Into utilizador_regular values ( 'email24@bd.com');

Insert Into utilizador values ( 'email25@bd.com', 'password25');

Insert Into utilizador_regular values ( 'email25@bd.com');

Insert Into utilizador values ( 'email26@bd.com', 'password26');

Insert Into utilizador_qualificado values ( 'email26@bd.com');

Insert Into utilizador values ( 'email27@bd.com', 'password27');

Insert Into utilizador_qualificado values ( 'email27@bd.com');

Insert Into utilizador values ( 'email28@bd.com', 'password28');

Insert Into utilizador_regular values ( 'email28@bd.com');

Insert Into utilizador values ( 'email29@bd.com', 'password29');

Insert Into utilizador_regular values ( 'email29@bd.com');

Insert Into incidencia values (0, 2, 'email25@bd.com');

Insert Into incidencia values (1, 3, 'email12@bd.com');

Insert Into incidencia values (2, 1, 'email0@bd.com');

Insert Into incidencia values (3, 25, 'email15@bd.com');

Insert Into incidencia values (4, 9, 'email28@bd.com');

Insert Into incidencia values (5, 21, 'email28@bd.com');

Insert Into incidencia values (6, 5, 'email11@bd.com');

Insert Into incidencia values (7, 17, 'email19@bd.com');

Insert Into incidencia values (8, 11, 'email1@bd.com');

Insert Into incidencia values (9, 15, 'email7@bd.com');

Insert Into incidencia values (10, 11, 'email22@bd.com');

Insert Into incidencia values (11, 25, 'email24@bd.com');

Insert Into incidencia values (12, 3, 'email5@bd.com');

Insert Into incidencia values (13, 1, 'email23@bd.com');

Insert Into incidencia values (14, 1, 'email29@bd.com');

Insert Into incidencia values (15, 28, 'email2@bd.com');

Insert Into incidencia values (16, 6, 'email9@bd.com');

Insert Into incidencia values (17, 8, 'email8@bd.com');

Insert Into incidencia values (18, 4, 'email21@bd.com');

Insert Into incidencia values (19, 7, 'email11@bd.com');

Insert Into incidencia values (20, 2, 'email22@bd.com');

Insert Into incidencia values (21, 24, 'email17@bd.com');

Insert Into incidencia values (22, 8, 'email11@bd.com');

Insert Into incidencia values (23, 19, 'email15@bd.com');

Insert Into incidencia values (24, 7, 'email19@bd.com');

Insert Into incidencia values (25, 8, 'email17@bd.com');

Insert Into incidencia values (26, 0, 'email1@bd.com');

Insert Into incidencia values (27, 6, 'email15@bd.com');

Insert Into incidencia values (28, 27, 'email18@bd.com');

Insert Into incidencia values (29, 10, 'email12@bd.com');

Insert Into proposta_de_correcao values ('email16@bd.com', 0, '2018-04-23 17:10:11', 'texto0');

Insert Into correcao values ('email16@bd.com', 0, 16);

Insert Into proposta_de_correcao values ('email16@bd.com', 1, '2017-04-23 15:10:11', 'texto1');

Insert Into correcao values ('email16@bd.com', 1, 0);

Insert Into proposta_de_correcao values ('email20@bd.com', 2, '2016-04-23 18:10:11', 'texto2');

Insert Into correcao values ('email20@bd.com', 2, 25);

Insert Into proposta_de_correcao values ('email20@bd.com', 3, '2015-04-23 17:10:11', 'texto3');

Insert Into correcao values ('email20@bd.com', 3, 27);

Insert Into proposta_de_correcao values ('email26@bd.com', 4, '2016-04-23 18:10:11', 'texto4');

Insert Into correcao values ('email26@bd.com', 4, 5);

Insert Into proposta_de_correcao values ('email14@bd.com', 5, '2018-07-23 13:10:11', 'texto5');

Insert Into correcao values ('email14@bd.com', 5, 14);

Insert Into proposta_de_correcao values ('email11@bd.com', 6, '2017-04-23 15:10:11', 'texto6');

Insert Into correcao values ('email11@bd.com', 6, 7);

Insert Into proposta_de_correcao values ('email14@bd.com', 7, '2015-04-23 17:10:11', 'texto7');

Insert Into correcao values ('email14@bd.com', 7, 23);

Insert Into proposta_de_correcao values ('email26@bd.com', 8, '2017-07-23 14:10:11', 'texto8');

Insert Into correcao values ('email26@bd.com', 8, 29);

Insert Into proposta_de_correcao values ('email20@bd.com', 9, '2016-04-23 14:10:11', 'texto9');

Insert Into correcao values ('email20@bd.com', 9, 16);

Insert Into proposta_de_correcao values ('email14@bd.com', 10, '2017-07-23 16:10:11', 'texto10');

Insert Into correcao values ('email14@bd.com', 10, 28);

Insert Into proposta_de_correcao values ('email12@bd.com', 11, '2016-04-23 14:10:11', 'texto11');

Insert Into correcao values ('email12@bd.com', 11, 5);

Insert Into proposta_de_correcao values ('email19@bd.com', 12, '2017-07-23 15:10:11', 'texto12');

Insert Into correcao values ('email19@bd.com', 12, 5);

Insert Into proposta_de_correcao values ('email14@bd.com', 13, '2018-07-23 14:10:11', 'texto13');

Insert Into correcao values ('email14@bd.com', 13, 2);

Insert Into proposta_de_correcao values ('email7@bd.com', 14, '2018-08-23 18:10:11', 'texto14');

Insert Into correcao values ('email7@bd.com', 14, 9);

Insert Into proposta_de_correcao values ('email12@bd.com', 15, '2017-07-23 18:10:11', 'texto15');

Insert Into correcao values ('email12@bd.com', 15, 26);

Insert Into proposta_de_correcao values ('email26@bd.com', 16, '2018-08-23 13:10:11', 'texto16');

Insert Into correcao values ('email26@bd.com', 16, 14);

Insert Into proposta_de_correcao values ('email14@bd.com', 17, '2018-08-23 13:10:11', 'texto17');

Insert Into correcao values ('email14@bd.com', 17, 19);

Insert Into proposta_de_correcao values ('email26@bd.com', 18, '2017-04-23 18:10:11', 'texto18');

Insert Into correcao values ('email26@bd.com', 18, 20);

Insert Into proposta_de_correcao values ('email11@bd.com', 19, '2018-07-23 16:10:11', 'texto19');

Insert Into correcao values ('email11@bd.com', 19, 9);

Insert Into proposta_de_correcao values ('email6@bd.com', 20, '2017-04-23 14:10:11', 'texto20');

Insert Into correcao values ('email6@bd.com', 20, 24);

Insert Into proposta_de_correcao values ('email12@bd.com', 21, '2018-07-23 16:10:11', 'texto21');

Insert Into correcao values ('email12@bd.com', 21, 2);

Insert Into proposta_de_correcao values ('email12@bd.com', 22, '2017-07-23 16:10:11', 'texto22');

Insert Into correcao values ('email12@bd.com', 22, 6);

Insert Into proposta_de_correcao values ('email26@bd.com', 23, '2017-07-23 14:10:11', 'texto23');

Insert Into correcao values ('email26@bd.com', 23, 2);

Insert Into proposta_de_correcao values ('email14@bd.com', 24, '2017-04-23 18:10:11', 'texto24');

Insert Into correcao values ('email14@bd.com', 24, 8);

Insert Into proposta_de_correcao values ('email7@bd.com', 25, '2017-04-23 15:10:11', 'texto25');

Insert Into correcao values ('email7@bd.com', 25, 28);

Insert Into proposta_de_correcao values ('email16@bd.com', 26, '2018-04-23 18:10:11', 'texto26');

Insert Into correcao values ('email16@bd.com', 26, 15);

Insert Into proposta_de_correcao values ('email14@bd.com', 27, '2016-04-23 13:10:11', 'texto27');

Insert Into correcao values ('email14@bd.com', 27, 0);

Insert Into proposta_de_correcao values ('email11@bd.com', 28, '2017-04-23 18:10:11', 'texto28');

Insert Into correcao values ('email11@bd.com', 28, 27);

Insert Into proposta_de_correcao values ('email19@bd.com', 29, '2017-07-23 17:10:11', 'texto29');

Insert Into correcao values ('email19@bd.com', 29, 9);

