Insert Into local_publico values (64.65109790113482, 76.99401088156469, 'city0');

Insert Into local_publico values (-75.3393998762754, 31.175174394999818, 'city1');

Insert Into local_publico values (-73.40180028089948, 50.81096343526066, 'city2');

Insert Into local_publico values (54.73844423401613, 93.32253662490241, 'city3');

Insert Into local_publico values (-21.422287275090895, 6.023726370189486, 'city4');

Insert Into local_publico values (27.77479453772615, 130.99914923062434, 'city5');

Insert Into local_publico values (-49.69232882605725, 99.05407925080942, 'city6');

Insert Into local_publico values (-17.84665518866713, 165.1925635546883, 'city7');

Insert Into local_publico values (-78.23950483474934, 108.28280280232664, 'city8');

Insert Into local_publico values (61.581122672869185, 112.30365493588549, 'city9');

Insert Into local_publico values (-9.032004614120623, 129.34158266427426, 'city10');

Insert Into local_publico values (15.324147846183706, 155.25507843191244, 'city11');

Insert Into local_publico values (40.540621668809536, 150.73096292448645, 'city12');

Insert Into local_publico values (56.887392809621616, 28.23060294608053, 'city13');

Insert Into local_publico values (-21.59479231387097, 68.47957905079843, 'city14');

Insert Into item values (0, 'descricao0', 'localizacao0', -9.032004614120623, 129.34158266427426);

Insert Into item values (1, 'descricao1', 'localizacao1', -75.3393998762754, 31.175174394999818);

Insert Into item values (2, 'descricao2', 'localizacao2', -9.032004614120623, 129.34158266427426);

Insert Into item values (3, 'descricao3', 'localizacao3', 61.581122672869185, 112.30365493588549);

Insert Into item values (4, 'descricao4', 'localizacao4', -17.84665518866713, 165.1925635546883);

Insert Into item values (5, 'descricao5', 'localizacao5', 54.73844423401613, 93.32253662490241);

Insert Into item values (6, 'descricao6', 'localizacao6', -17.84665518866713, 165.1925635546883);

Insert Into item values (7, 'descricao7', 'localizacao7', 27.77479453772615, 130.99914923062434);

Insert Into item values (8, 'descricao8', 'localizacao8', -21.59479231387097, 68.47957905079843);

Insert Into item values (9, 'descricao9', 'localizacao9', -73.40180028089948, 50.81096343526066);

Insert Into item values (10, 'descricao10', 'localizacao10', -73.40180028089948, 50.81096343526066);

Insert Into item values (11, 'descricao11', 'localizacao11', 56.887392809621616, 28.23060294608053);

Insert Into item values (12, 'descricao12', 'localizacao12', 54.73844423401613, 93.32253662490241);

Insert Into item values (13, 'descricao13', 'localizacao13', -75.3393998762754, 31.175174394999818);

Insert Into item values (14, 'descricao14', 'localizacao14', -75.3393998762754, 31.175174394999818);

Insert Into item values (15, 'descricao15', 'localizacao15', -78.23950483474934, 108.28280280232664);

Insert Into item values (16, 'descricao16', 'localizacao16', 54.73844423401613, 93.32253662490241);

Insert Into item values (17, 'descricao17', 'localizacao17', -75.3393998762754, 31.175174394999818);

Insert Into item values (18, 'descricao18', 'localizacao18', 27.77479453772615, 130.99914923062434);

Insert Into item values (19, 'descricao19', 'localizacao19', -21.422287275090895, 6.023726370189486);

Insert Into item values (20, 'descricao20', 'localizacao20', -75.3393998762754, 31.175174394999818);

Insert Into item values (21, 'descricao21', 'localizacao21', -73.40180028089948, 50.81096343526066);

Insert Into item values (22, 'descricao22', 'localizacao22', -49.69232882605725, 99.05407925080942);

Insert Into item values (23, 'descricao23', 'localizacao23', -78.23950483474934, 108.28280280232664);

Insert Into item values (24, 'descricao24', 'localizacao24', 61.581122672869185, 112.30365493588549);

Insert Into item values (25, 'descricao25', 'localizacao25', -21.59479231387097, 68.47957905079843);

Insert Into item values (26, 'descricao26', 'localizacao26', -21.59479231387097, 68.47957905079843);

Insert Into item values (27, 'descricao27', 'localizacao27', -78.23950483474934, 108.28280280232664);

Insert Into item values (28, 'descricao28', 'localizacao28', 56.887392809621616, 28.23060294608053);

Insert Into item values (29, 'descricao29', 'localizacao29', -78.23950483474934, 108.28280280232664);

Insert Into anomalia values (0, 'zona_0', 'imagem0', 'lingua_0', '2017-07-23 14:10:11', 'descricao0', True);

Insert Into anomalia values (1, 'zona_1', 'imagem1', 'lingua_1', '2018-08-23 18:10:11', 'descricao1', True);

Insert Into anomalia values (2, 'zona_2', 'imagem2', 'lingua_2', '2016-04-23 16:10:11', 'descricao2', True);

Insert Into anomalia values (3, 'zona_3', 'imagem3', 'lingua_3', '2018-08-23 17:10:11', 'descricao3', False);

Insert Into anomalia_traducao values (3, 'zona2_3', 'lingua2_3');

Insert Into anomalia values (4, 'zona_4', 'imagem4', 'lingua_4', '2017-04-23 17:10:11', 'descricao4', False);

Insert Into anomalia_traducao values (4, 'zona2_4', 'lingua2_4');

Insert Into anomalia values (5, 'zona_5', 'imagem5', 'lingua_5', '2017-07-23 13:10:11', 'descricao5', True);

Insert Into anomalia values (6, 'zona_6', 'imagem6', 'lingua_6', '2018-08-23 14:10:11', 'descricao6', True);

Insert Into anomalia values (7, 'zona_7', 'imagem7', 'lingua_7', '2018-08-23 15:10:11', 'descricao7', False);

Insert Into anomalia_traducao values (7, 'zona2_7', 'lingua2_7');

Insert Into anomalia values (8, 'zona_8', 'imagem8', 'lingua_8', '2018-04-23 18:10:11', 'descricao8', False);

Insert Into anomalia_traducao values (8, 'zona2_8', 'lingua2_8');

Insert Into anomalia values (9, 'zona_9', 'imagem9', 'lingua_9', '2018-07-23 15:10:11', 'descricao9', True);

Insert Into anomalia values (10, 'zona_10', 'imagem10', 'lingua_10', '2017-04-23 16:10:11', 'descricao10', True);

Insert Into anomalia values (11, 'zona_11', 'imagem11', 'lingua_11', '2018-07-23 18:10:11', 'descricao11', False);

Insert Into anomalia_traducao values (11, 'zona2_11', 'lingua2_11');

Insert Into anomalia values (12, 'zona_12', 'imagem12', 'lingua_12', '2018-08-23 18:10:11', 'descricao12', False);

Insert Into anomalia_traducao values (12, 'zona2_12', 'lingua2_12');

Insert Into anomalia values (13, 'zona_13', 'imagem13', 'lingua_13', '2017-04-23 16:10:11', 'descricao13', False);

Insert Into anomalia_traducao values (13, 'zona2_13', 'lingua2_13');

Insert Into anomalia values (14, 'zona_14', 'imagem14', 'lingua_14', '2016-04-23 14:10:11', 'descricao14', False);

Insert Into anomalia_traducao values (14, 'zona2_14', 'lingua2_14');

Insert Into anomalia values (15, 'zona_15', 'imagem15', 'lingua_15', '2018-08-23 14:10:11', 'descricao15', True);

Insert Into anomalia values (16, 'zona_16', 'imagem16', 'lingua_16', '2017-07-23 18:10:11', 'descricao16', True);

Insert Into anomalia values (17, 'zona_17', 'imagem17', 'lingua_17', '2017-07-23 15:10:11', 'descricao17', False);

Insert Into anomalia_traducao values (17, 'zona2_17', 'lingua2_17');

Insert Into anomalia values (18, 'zona_18', 'imagem18', 'lingua_18', '2017-04-23 18:10:11', 'descricao18', False);

Insert Into anomalia_traducao values (18, 'zona2_18', 'lingua2_18');

Insert Into anomalia values (19, 'zona_19', 'imagem19', 'lingua_19', '2018-07-23 18:10:11', 'descricao19', False);

Insert Into anomalia_traducao values (19, 'zona2_19', 'lingua2_19');

Insert Into anomalia values (20, 'zona_20', 'imagem20', 'lingua_20', '2017-07-23 13:10:11', 'descricao20', False);

Insert Into anomalia_traducao values (20, 'zona2_20', 'lingua2_20');

Insert Into anomalia values (21, 'zona_21', 'imagem21', 'lingua_21', '2018-04-23 16:10:11', 'descricao21', True);

Insert Into anomalia values (22, 'zona_22', 'imagem22', 'lingua_22', '2017-07-23 15:10:11', 'descricao22', True);

Insert Into anomalia values (23, 'zona_23', 'imagem23', 'lingua_23', '2018-08-23 17:10:11', 'descricao23', False);

Insert Into anomalia_traducao values (23, 'zona2_23', 'lingua2_23');

Insert Into anomalia values (24, 'zona_24', 'imagem24', 'lingua_24', '2018-04-23 13:10:11', 'descricao24', True);

Insert Into anomalia values (25, 'zona_25', 'imagem25', 'lingua_25', '2018-07-23 16:10:11', 'descricao25', True);

Insert Into anomalia values (26, 'zona_26', 'imagem26', 'lingua_26', '2017-07-23 15:10:11', 'descricao26', False);

Insert Into anomalia_traducao values (26, 'zona2_26', 'lingua2_26');

Insert Into anomalia values (27, 'zona_27', 'imagem27', 'lingua_27', '2018-07-23 13:10:11', 'descricao27', True);

Insert Into anomalia values (28, 'zona_28', 'imagem28', 'lingua_28', '2017-04-23 14:10:11', 'descricao28', True);

Insert Into anomalia values (29, 'zona_29', 'imagem29', 'lingua_29', '2016-04-23 16:10:11', 'descricao29', True);

Insert Into duplicado values (0, 2);

Insert Into duplicado values (1, 13);

Insert Into duplicado values (1, 14);

Insert Into duplicado values (1, 17);

Insert Into duplicado values (1, 20);

Insert Into duplicado values (3, 24);

Insert Into duplicado values (4, 6);

Insert Into duplicado values (5, 12);

Insert Into duplicado values (5, 16);

Insert Into duplicado values (7, 18);

Insert Into duplicado values (8, 25);

Insert Into duplicado values (8, 26);

Insert Into duplicado values (9, 10);

Insert Into duplicado values (9, 21);

Insert Into duplicado values (10, 21);

Insert Into duplicado values (11, 28);

Insert Into duplicado values (12, 16);

Insert Into duplicado values (13, 14);

Insert Into duplicado values (13, 17);

Insert Into duplicado values (13, 20);

Insert Into duplicado values (14, 17);

Insert Into duplicado values (14, 20);

Insert Into duplicado values (15, 23);

Insert Into duplicado values (15, 27);

Insert Into duplicado values (15, 29);

Insert Into duplicado values (17, 20);

Insert Into duplicado values (23, 27);

Insert Into duplicado values (23, 29);

Insert Into duplicado values (25, 26);

Insert Into duplicado values (27, 29);

Insert Into utilizador values ( 'email0@bd.com', 'password0');

Insert Into utilizador_regular values ( 'email0@bd.com');

Insert Into utilizador values ( 'email1@bd.com', 'password1');

Insert Into utilizador_qualificado values ( 'email1@bd.com');

Insert Into utilizador values ( 'email2@bd.com', 'password2');

Insert Into utilizador_qualificado values ( 'email2@bd.com');

Insert Into utilizador values ( 'email3@bd.com', 'password3');

Insert Into utilizador_regular values ( 'email3@bd.com');

Insert Into utilizador values ( 'email4@bd.com', 'password4');

Insert Into utilizador_regular values ( 'email4@bd.com');

Insert Into utilizador values ( 'email5@bd.com', 'password5');

Insert Into utilizador_regular values ( 'email5@bd.com');

Insert Into utilizador values ( 'email6@bd.com', 'password6');

Insert Into utilizador_qualificado values ( 'email6@bd.com');

Insert Into utilizador values ( 'email7@bd.com', 'password7');

Insert Into utilizador_qualificado values ( 'email7@bd.com');

Insert Into utilizador values ( 'email8@bd.com', 'password8');

Insert Into utilizador_qualificado values ( 'email8@bd.com');

Insert Into utilizador values ( 'email9@bd.com', 'password9');

Insert Into utilizador_regular values ( 'email9@bd.com');

Insert Into utilizador values ( 'email10@bd.com', 'password10');

Insert Into utilizador_regular values ( 'email10@bd.com');

Insert Into utilizador values ( 'email11@bd.com', 'password11');

Insert Into utilizador_qualificado values ( 'email11@bd.com');

Insert Into utilizador values ( 'email12@bd.com', 'password12');

Insert Into utilizador_regular values ( 'email12@bd.com');

Insert Into utilizador values ( 'email13@bd.com', 'password13');

Insert Into utilizador_qualificado values ( 'email13@bd.com');

Insert Into utilizador values ( 'email14@bd.com', 'password14');

Insert Into utilizador_regular values ( 'email14@bd.com');

Insert Into utilizador values ( 'email15@bd.com', 'password15');

Insert Into utilizador_regular values ( 'email15@bd.com');

Insert Into utilizador values ( 'email16@bd.com', 'password16');

Insert Into utilizador_regular values ( 'email16@bd.com');

Insert Into utilizador values ( 'email17@bd.com', 'password17');

Insert Into utilizador_regular values ( 'email17@bd.com');

Insert Into utilizador values ( 'email18@bd.com', 'password18');

Insert Into utilizador_qualificado values ( 'email18@bd.com');

Insert Into utilizador values ( 'email19@bd.com', 'password19');

Insert Into utilizador_qualificado values ( 'email19@bd.com');

Insert Into utilizador values ( 'email20@bd.com', 'password20');

Insert Into utilizador_qualificado values ( 'email20@bd.com');

Insert Into utilizador values ( 'email21@bd.com', 'password21');

Insert Into utilizador_regular values ( 'email21@bd.com');

Insert Into utilizador values ( 'email22@bd.com', 'password22');

Insert Into utilizador_regular values ( 'email22@bd.com');

Insert Into utilizador values ( 'email23@bd.com', 'password23');

Insert Into utilizador_regular values ( 'email23@bd.com');

Insert Into utilizador values ( 'email24@bd.com', 'password24');

Insert Into utilizador_regular values ( 'email24@bd.com');

Insert Into utilizador values ( 'email25@bd.com', 'password25');

Insert Into utilizador_regular values ( 'email25@bd.com');

Insert Into utilizador values ( 'email26@bd.com', 'password26');

Insert Into utilizador_regular values ( 'email26@bd.com');

Insert Into utilizador values ( 'email27@bd.com', 'password27');

Insert Into utilizador_qualificado values ( 'email27@bd.com');

Insert Into utilizador values ( 'email28@bd.com', 'password28');

Insert Into utilizador_regular values ( 'email28@bd.com');

Insert Into utilizador values ( 'email29@bd.com', 'password29');

Insert Into utilizador_regular values ( 'email29@bd.com');

Insert Into incidencia values (0, 9, 'email22@bd.com');

Insert Into incidencia values (1, 27, 'email12@bd.com');

Insert Into incidencia values (2, 5, 'email25@bd.com');

Insert Into incidencia values (3, 27, 'email10@bd.com');

Insert Into incidencia values (4, 9, 'email14@bd.com');

Insert Into incidencia values (5, 14, 'email26@bd.com');

Insert Into incidencia values (6, 0, 'email7@bd.com');

Insert Into incidencia values (7, 25, 'email25@bd.com');

Insert Into incidencia values (8, 14, 'email0@bd.com');

Insert Into incidencia values (9, 9, 'email29@bd.com');

Insert Into incidencia values (10, 25, 'email19@bd.com');

Insert Into incidencia values (11, 6, 'email14@bd.com');

Insert Into incidencia values (12, 3, 'email7@bd.com');

Insert Into incidencia values (13, 26, 'email17@bd.com');

Insert Into incidencia values (14, 4, 'email7@bd.com');

Insert Into incidencia values (15, 28, 'email23@bd.com');

Insert Into incidencia values (16, 1, 'email20@bd.com');

Insert Into incidencia values (17, 10, 'email2@bd.com');

Insert Into incidencia values (18, 23, 'email19@bd.com');

Insert Into incidencia values (19, 17, 'email1@bd.com');

Insert Into incidencia values (20, 7, 'email10@bd.com');

Insert Into incidencia values (21, 19, 'email6@bd.com');

Insert Into incidencia values (22, 26, 'email28@bd.com');

Insert Into incidencia values (23, 0, 'email29@bd.com');

Insert Into incidencia values (24, 29, 'email18@bd.com');

Insert Into incidencia values (25, 4, 'email24@bd.com');

Insert Into incidencia values (26, 10, 'email12@bd.com');

Insert Into incidencia values (27, 17, 'email21@bd.com');

Insert Into incidencia values (28, 22, 'email28@bd.com');

Insert Into incidencia values (29, 28, 'email18@bd.com');

Insert Into proposta_de_correcao values ('email20@bd.com', 0, '2018-07-23 14:10:11', 'texto0');

Insert Into correcao values ('email20@bd.com', 0, 4);

Insert Into proposta_de_correcao values ('email2@bd.com', 1, '2017-07-23 15:10:11', 'texto1');

Insert Into correcao values ('email2@bd.com', 1, 0);

Insert Into proposta_de_correcao values ('email6@bd.com', 2, '2018-08-23 14:10:11', 'texto2');

Insert Into correcao values ('email6@bd.com', 2, 23);

Insert Into proposta_de_correcao values ('email1@bd.com', 3, '2017-04-23 17:10:11', 'texto3');

Insert Into correcao values ('email1@bd.com', 3, 28);

Insert Into proposta_de_correcao values ('email6@bd.com', 4, '2018-04-23 13:10:11', 'texto4');

Insert Into correcao values ('email6@bd.com', 4, 29);

Insert Into proposta_de_correcao values ('email6@bd.com', 5, '2018-07-23 18:10:11', 'texto5');

Insert Into correcao values ('email6@bd.com', 5, 19);

Insert Into proposta_de_correcao values ('email8@bd.com', 6, '2018-08-23 16:10:11', 'texto6');

Insert Into correcao values ('email8@bd.com', 6, 11);

Insert Into proposta_de_correcao values ('email7@bd.com', 7, '2017-07-23 17:10:11', 'texto7');

Insert Into correcao values ('email7@bd.com', 7, 27);

Insert Into proposta_de_correcao values ('email27@bd.com', 8, '2017-04-23 14:10:11', 'texto8');

Insert Into correcao values ('email27@bd.com', 8, 5);

Insert Into proposta_de_correcao values ('email7@bd.com', 9, '2016-04-23 13:10:11', 'texto9');

Insert Into correcao values ('email7@bd.com', 9, 0);

Insert Into proposta_de_correcao values ('email1@bd.com', 10, '2017-07-23 16:10:11', 'texto10');

Insert Into correcao values ('email1@bd.com', 10, 25);

Insert Into proposta_de_correcao values ('email13@bd.com', 11, '2018-07-23 13:10:11', 'texto11');

Insert Into correcao values ('email13@bd.com', 11, 13);

Insert Into proposta_de_correcao values ('email6@bd.com', 12, '2018-07-23 17:10:11', 'texto12');

Insert Into correcao values ('email6@bd.com', 12, 24);

Insert Into proposta_de_correcao values ('email11@bd.com', 13, '2016-04-23 14:10:11', 'texto13');

Insert Into correcao values ('email11@bd.com', 13, 25);

Insert Into proposta_de_correcao values ('email11@bd.com', 14, '2017-07-23 16:10:11', 'texto14');

Insert Into correcao values ('email11@bd.com', 14, 19);

Insert Into proposta_de_correcao values ('email7@bd.com', 15, '2018-04-23 14:10:11', 'texto15');

Insert Into correcao values ('email7@bd.com', 15, 14);

Insert Into proposta_de_correcao values ('email7@bd.com', 16, '2018-07-23 18:10:11', 'texto16');

Insert Into correcao values ('email7@bd.com', 16, 6);

Insert Into proposta_de_correcao values ('email1@bd.com', 17, '2018-08-23 18:10:11', 'texto17');

Insert Into correcao values ('email1@bd.com', 17, 7);

Insert Into proposta_de_correcao values ('email18@bd.com', 18, '2016-04-23 14:10:11', 'texto18');

Insert Into correcao values ('email18@bd.com', 18, 26);

Insert Into proposta_de_correcao values ('email20@bd.com', 19, '2017-04-23 15:10:11', 'texto19');

Insert Into correcao values ('email20@bd.com', 19, 16);

Insert Into proposta_de_correcao values ('email27@bd.com', 20, '2018-07-23 18:10:11', 'texto20');

Insert Into correcao values ('email27@bd.com', 20, 29);

Insert Into proposta_de_correcao values ('email19@bd.com', 21, '2018-08-23 15:10:11', 'texto21');

Insert Into correcao values ('email19@bd.com', 21, 27);

Insert Into proposta_de_correcao values ('email11@bd.com', 22, '2017-07-23 17:10:11', 'texto22');

Insert Into correcao values ('email11@bd.com', 22, 28);

Insert Into proposta_de_correcao values ('email11@bd.com', 23, '2015-04-23 17:10:11', 'texto23');

Insert Into correcao values ('email11@bd.com', 23, 18);

Insert Into proposta_de_correcao values ('email11@bd.com', 24, '2017-04-23 15:10:11', 'texto24');

Insert Into correcao values ('email11@bd.com', 24, 12);

Insert Into proposta_de_correcao values ('email13@bd.com', 25, '2017-07-23 16:10:11', 'texto25');

Insert Into correcao values ('email13@bd.com', 25, 10);

Insert Into proposta_de_correcao values ('email18@bd.com', 26, '2017-07-23 15:10:11', 'texto26');

Insert Into correcao values ('email18@bd.com', 26, 23);

Insert Into proposta_de_correcao values ('email19@bd.com', 27, '2017-07-23 15:10:11', 'texto27');

Insert Into correcao values ('email19@bd.com', 27, 3);

Insert Into proposta_de_correcao values ('email11@bd.com', 28, '2017-07-23 15:10:11', 'texto28');

Insert Into correcao values ('email11@bd.com', 28, 12);

Insert Into proposta_de_correcao values ('email13@bd.com', 29, '2017-07-23 13:10:11', 'texto29');

Insert Into correcao values ('email13@bd.com', 29, 7);

