Insert Into local_publico values (41.16999493286798, 166.57118676348372, 'city0');

Insert Into local_publico values (19.933457713617642, 23.39287805915937, 'city1');

Insert Into local_publico values (-61.31041462385738, 60.55367294863165, 'city2');

Insert Into local_publico values (-60.785367829252365, 119.56354149592411, 'city3');

Insert Into local_publico values (-53.08307444687582, 7.985108501583431, 'city4');

Insert Into local_publico values (35.75280025714349, 165.68790691987545, 'city5');

Insert Into local_publico values (-51.79245059091889, 147.16747181286533, 'city6');

Insert Into local_publico values (23.891301869916006, 83.01379349850613, 'city7');

Insert Into local_publico values (-57.484536270344584, 98.11084529598357, 'city8');

Insert Into local_publico values (-3.9245259112147295, 40.974452954785065, 'city9');

Insert Into local_publico values (-11.487872380464125, 107.76063331738595, 'city10');

Insert Into local_publico values (-28.69477972728317, 159.70117287505283, 'city11');

Insert Into local_publico values (-42.02420713658929, 32.103907765322056, 'city12');

Insert Into local_publico values (-24.88475511846191, 144.35878647856578, 'city13');

Insert Into local_publico values (-59.08273649232447, 63.01282587686665, 'city14');

Insert Into item (descricao, localizacao, latitude, longitude) values ( 'descricao0', 'localizacao0', -53.08307444687582, 7.985108501583431);

Insert Into item (descricao, localizacao, latitude, longitude) values ( 'descricao1', 'localizacao1', 19.933457713617642, 23.39287805915937);

Insert Into item (descricao, localizacao, latitude, longitude) values ( 'descricao2', 'localizacao2', -60.785367829252365, 119.56354149592411);

Insert Into item (descricao, localizacao, latitude, longitude) values ( 'descricao3', 'localizacao3', -24.88475511846191, 144.35878647856578);

Insert Into item (descricao, localizacao, latitude, longitude) values ( 'descricao4', 'localizacao4', -42.02420713658929, 32.103907765322056);

Insert Into item (descricao, localizacao, latitude, longitude) values ( 'descricao5', 'localizacao5', 23.891301869916006, 83.01379349850613);

Insert Into item (descricao, localizacao, latitude, longitude) values ( 'descricao6', 'localizacao6', 41.16999493286798, 166.57118676348372);

Insert Into item (descricao, localizacao, latitude, longitude) values ( 'descricao7', 'localizacao7', -24.88475511846191, 144.35878647856578);

Insert Into item (descricao, localizacao, latitude, longitude) values ( 'descricao8', 'localizacao8', -28.69477972728317, 159.70117287505283);

Insert Into item (descricao, localizacao, latitude, longitude) values ( 'descricao9', 'localizacao9', -24.88475511846191, 144.35878647856578);

Insert Into item (descricao, localizacao, latitude, longitude) values ( 'descricao10', 'localizacao10', 23.891301869916006, 83.01379349850613);

Insert Into item (descricao, localizacao, latitude, longitude) values ( 'descricao11', 'localizacao11', 19.933457713617642, 23.39287805915937);

Insert Into item (descricao, localizacao, latitude, longitude) values ( 'descricao12', 'localizacao12', -24.88475511846191, 144.35878647856578);

Insert Into item (descricao, localizacao, latitude, longitude) values ( 'descricao13', 'localizacao13', -3.9245259112147295, 40.974452954785065);

Insert Into item (descricao, localizacao, latitude, longitude) values ( 'descricao14', 'localizacao14', -28.69477972728317, 159.70117287505283);

Insert Into item (descricao, localizacao, latitude, longitude) values ( 'descricao15', 'localizacao15', -42.02420713658929, 32.103907765322056);

Insert Into item (descricao, localizacao, latitude, longitude) values ( 'descricao16', 'localizacao16', -42.02420713658929, 32.103907765322056);

Insert Into item (descricao, localizacao, latitude, longitude) values ( 'descricao17', 'localizacao17', -11.487872380464125, 107.76063331738595);

Insert Into item (descricao, localizacao, latitude, longitude) values ( 'descricao18', 'localizacao18', -59.08273649232447, 63.01282587686665);

Insert Into item (descricao, localizacao, latitude, longitude) values ( 'descricao19', 'localizacao19', 23.891301869916006, 83.01379349850613);

Insert Into item (descricao, localizacao, latitude, longitude) values ( 'descricao20', 'localizacao20', -61.31041462385738, 60.55367294863165);

Insert Into item (descricao, localizacao, latitude, longitude) values ( 'descricao21', 'localizacao21', 23.891301869916006, 83.01379349850613);

Insert Into item (descricao, localizacao, latitude, longitude) values ( 'descricao22', 'localizacao22', -51.79245059091889, 147.16747181286533);

Insert Into item (descricao, localizacao, latitude, longitude) values ( 'descricao23', 'localizacao23', -42.02420713658929, 32.103907765322056);

Insert Into item (descricao, localizacao, latitude, longitude) values ( 'descricao24', 'localizacao24', 19.933457713617642, 23.39287805915937);

Insert Into item (descricao, localizacao, latitude, longitude) values ( 'descricao25', 'localizacao25', -57.484536270344584, 98.11084529598357);

Insert Into item (descricao, localizacao, latitude, longitude) values ( 'descricao26', 'localizacao26', 19.933457713617642, 23.39287805915937);

Insert Into item (descricao, localizacao, latitude, longitude) values ( 'descricao27', 'localizacao27', -61.31041462385738, 60.55367294863165);

Insert Into item (descricao, localizacao, latitude, longitude) values ( 'descricao28', 'localizacao28', -42.02420713658929, 32.103907765322056);

Insert Into item (descricao, localizacao, latitude, longitude) values ( 'descricao29', 'localizacao29', -11.487872380464125, 107.76063331738595);

Insert Into anomalia (zona, imagem, lingua, ts, descricao, tem_anomalia_redacao) values ( 'zona_0', 'imagem0', 'lingua_0', '2016-04-23 13:10:11', 'descricao0', False);

Insert Into anomalia_traducao (zona2, lingua2) values ( 'zona2_0', 'lingua2_0');

Insert Into anomalia (zona, imagem, lingua, ts, descricao, tem_anomalia_redacao) values ( 'zona_1', 'imagem1', 'lingua_1', '2017-04-23 17:10:11', 'descricao1', True);

Insert Into anomalia (zona, imagem, lingua, ts, descricao, tem_anomalia_redacao) values ( 'zona_2', 'imagem2', 'lingua_2', '2018-04-23 14:10:11', 'descricao2', False);

Insert Into anomalia_traducao (zona2, lingua2) values ( 'zona2_2', 'lingua2_2');

Insert Into anomalia (zona, imagem, lingua, ts, descricao, tem_anomalia_redacao) values ( 'zona_3', 'imagem3', 'lingua_3', '2018-04-23 13:10:11', 'descricao3', True);

Insert Into anomalia (zona, imagem, lingua, ts, descricao, tem_anomalia_redacao) values ( 'zona_4', 'imagem4', 'lingua_4', '2016-04-23 13:10:11', 'descricao4', True);

Insert Into anomalia (zona, imagem, lingua, ts, descricao, tem_anomalia_redacao) values ( 'zona_5', 'imagem5', 'lingua_5', '2018-08-23 13:10:11', 'descricao5', False);

Insert Into anomalia_traducao (zona2, lingua2) values ( 'zona2_5', 'lingua2_5');

Insert Into anomalia (zona, imagem, lingua, ts, descricao, tem_anomalia_redacao) values ( 'zona_6', 'imagem6', 'lingua_6', '2017-04-23 18:10:11', 'descricao6', False);

Insert Into anomalia_traducao (zona2, lingua2) values ( 'zona2_6', 'lingua2_6');

Insert Into anomalia (zona, imagem, lingua, ts, descricao, tem_anomalia_redacao) values ( 'zona_7', 'imagem7', 'lingua_7', '2018-04-23 16:10:11', 'descricao7', False);

Insert Into anomalia_traducao (zona2, lingua2) values ( 'zona2_7', 'lingua2_7');

Insert Into anomalia (zona, imagem, lingua, ts, descricao, tem_anomalia_redacao) values ( 'zona_8', 'imagem8', 'lingua_8', '2017-07-23 17:10:11', 'descricao8', False);

Insert Into anomalia_traducao (zona2, lingua2) values ( 'zona2_8', 'lingua2_8');

Insert Into anomalia (zona, imagem, lingua, ts, descricao, tem_anomalia_redacao) values ( 'zona_9', 'imagem9', 'lingua_9', '2018-04-23 14:10:11', 'descricao9', False);

Insert Into anomalia_traducao (zona2, lingua2) values ( 'zona2_9', 'lingua2_9');

Insert Into anomalia (zona, imagem, lingua, ts, descricao, tem_anomalia_redacao) values ( 'zona_10', 'imagem10', 'lingua_10', '2018-07-23 17:10:11', 'descricao10', False);

Insert Into anomalia_traducao (zona2, lingua2) values ( 'zona2_10', 'lingua2_10');

Insert Into anomalia (zona, imagem, lingua, ts, descricao, tem_anomalia_redacao) values ( 'zona_11', 'imagem11', 'lingua_11', '2017-07-23 16:10:11', 'descricao11', True);

Insert Into anomalia (zona, imagem, lingua, ts, descricao, tem_anomalia_redacao) values ( 'zona_12', 'imagem12', 'lingua_12', '2017-04-23 15:10:11', 'descricao12', True);

Insert Into anomalia (zona, imagem, lingua, ts, descricao, tem_anomalia_redacao) values ( 'zona_13', 'imagem13', 'lingua_13', '2018-08-23 17:10:11', 'descricao13', True);

Insert Into anomalia (zona, imagem, lingua, ts, descricao, tem_anomalia_redacao) values ( 'zona_14', 'imagem14', 'lingua_14', '2018-04-23 13:10:11', 'descricao14', True);

Insert Into anomalia (zona, imagem, lingua, ts, descricao, tem_anomalia_redacao) values ( 'zona_15', 'imagem15', 'lingua_15', '2017-07-23 15:10:11', 'descricao15', False);

Insert Into anomalia_traducao (zona2, lingua2) values ( 'zona2_15', 'lingua2_15');

Insert Into anomalia (zona, imagem, lingua, ts, descricao, tem_anomalia_redacao) values ( 'zona_16', 'imagem16', 'lingua_16', '2017-07-23 14:10:11', 'descricao16', False);

Insert Into anomalia_traducao (zona2, lingua2) values ( 'zona2_16', 'lingua2_16');

Insert Into anomalia (zona, imagem, lingua, ts, descricao, tem_anomalia_redacao) values ( 'zona_17', 'imagem17', 'lingua_17', '2017-07-23 18:10:11', 'descricao17', True);

Insert Into anomalia (zona, imagem, lingua, ts, descricao, tem_anomalia_redacao) values ( 'zona_18', 'imagem18', 'lingua_18', '2018-08-23 15:10:11', 'descricao18', True);

Insert Into anomalia (zona, imagem, lingua, ts, descricao, tem_anomalia_redacao) values ( 'zona_19', 'imagem19', 'lingua_19', '2015-04-23 17:10:11', 'descricao19', True);

Insert Into anomalia (zona, imagem, lingua, ts, descricao, tem_anomalia_redacao) values ( 'zona_20', 'imagem20', 'lingua_20', '2017-04-23 17:10:11', 'descricao20', False);

Insert Into anomalia_traducao (zona2, lingua2) values ( 'zona2_20', 'lingua2_20');

Insert Into anomalia (zona, imagem, lingua, ts, descricao, tem_anomalia_redacao) values ( 'zona_21', 'imagem21', 'lingua_21', '2018-08-23 16:10:11', 'descricao21', True);

Insert Into anomalia (zona, imagem, lingua, ts, descricao, tem_anomalia_redacao) values ( 'zona_22', 'imagem22', 'lingua_22', '2018-08-23 17:10:11', 'descricao22', False);

Insert Into anomalia_traducao (zona2, lingua2) values ( 'zona2_22', 'lingua2_22');

Insert Into anomalia (zona, imagem, lingua, ts, descricao, tem_anomalia_redacao) values ( 'zona_23', 'imagem23', 'lingua_23', '2018-04-23 18:10:11', 'descricao23', False);

Insert Into anomalia_traducao (zona2, lingua2) values ( 'zona2_23', 'lingua2_23');

Insert Into anomalia (zona, imagem, lingua, ts, descricao, tem_anomalia_redacao) values ( 'zona_24', 'imagem24', 'lingua_24', '2018-08-23 14:10:11', 'descricao24', True);

Insert Into anomalia (zona, imagem, lingua, ts, descricao, tem_anomalia_redacao) values ( 'zona_25', 'imagem25', 'lingua_25', '2017-04-23 16:10:11', 'descricao25', True);

Insert Into anomalia (zona, imagem, lingua, ts, descricao, tem_anomalia_redacao) values ( 'zona_26', 'imagem26', 'lingua_26', '2018-08-23 15:10:11', 'descricao26', False);

Insert Into anomalia_traducao (zona2, lingua2) values ( 'zona2_26', 'lingua2_26');

Insert Into anomalia (zona, imagem, lingua, ts, descricao, tem_anomalia_redacao) values ( 'zona_27', 'imagem27', 'lingua_27', '2018-07-23 17:10:11', 'descricao27', False);

Insert Into anomalia_traducao (zona2, lingua2) values ( 'zona2_27', 'lingua2_27');

Insert Into anomalia (zona, imagem, lingua, ts, descricao, tem_anomalia_redacao) values ( 'zona_28', 'imagem28', 'lingua_28', '2018-08-23 15:10:11', 'descricao28', True);

Insert Into anomalia (zona, imagem, lingua, ts, descricao, tem_anomalia_redacao) values ( 'zona_29', 'imagem29', 'lingua_29', '2017-04-23 18:10:11', 'descricao29', True);

Insert Into duplicado values (1, 11);

Insert Into duplicado values (1, 24);

Insert Into duplicado values (1, 26);

Insert Into duplicado values (3, 7);

Insert Into duplicado values (3, 9);

Insert Into duplicado values (3, 12);

Insert Into duplicado values (4, 15);

Insert Into duplicado values (4, 16);

Insert Into duplicado values (4, 23);

Insert Into duplicado values (4, 28);

Insert Into duplicado values (5, 10);

Insert Into duplicado values (5, 19);

Insert Into duplicado values (5, 21);

Insert Into duplicado values (7, 9);

Insert Into duplicado values (7, 12);

Insert Into duplicado values (8, 14);

Insert Into duplicado values (9, 12);

Insert Into duplicado values (10, 19);

Insert Into duplicado values (10, 21);

Insert Into duplicado values (11, 24);

Insert Into duplicado values (11, 26);

Insert Into duplicado values (15, 16);

Insert Into duplicado values (15, 23);

Insert Into duplicado values (15, 28);

Insert Into duplicado values (16, 23);

Insert Into duplicado values (16, 28);

Insert Into duplicado values (17, 29);

Insert Into duplicado values (19, 21);

Insert Into duplicado values (20, 27);

Insert Into duplicado values (23, 28);

Insert Into duplicado values (24, 26);

Insert Into utilizador values ( 'email0@bd.com', 'password0');

Insert Into utilizador_qualificado values ( 'email0@bd.com');

Insert Into utilizador values ( 'email1@bd.com', 'password1');

Insert Into utilizador_regular values ( 'email1@bd.com');

Insert Into utilizador values ( 'email2@bd.com', 'password2');

Insert Into utilizador_regular values ( 'email2@bd.com');

Insert Into utilizador values ( 'email3@bd.com', 'password3');

Insert Into utilizador_regular values ( 'email3@bd.com');

Insert Into utilizador values ( 'email4@bd.com', 'password4');

Insert Into utilizador_regular values ( 'email4@bd.com');

Insert Into utilizador values ( 'email5@bd.com', 'password5');

Insert Into utilizador_regular values ( 'email5@bd.com');

Insert Into utilizador values ( 'email6@bd.com', 'password6');

Insert Into utilizador_regular values ( 'email6@bd.com');

Insert Into utilizador values ( 'email7@bd.com', 'password7');

Insert Into utilizador_qualificado values ( 'email7@bd.com');

Insert Into utilizador values ( 'email8@bd.com', 'password8');

Insert Into utilizador_regular values ( 'email8@bd.com');

Insert Into utilizador values ( 'email9@bd.com', 'password9');

Insert Into utilizador_regular values ( 'email9@bd.com');

Insert Into utilizador values ( 'email10@bd.com', 'password10');

Insert Into utilizador_regular values ( 'email10@bd.com');

Insert Into utilizador values ( 'email11@bd.com', 'password11');

Insert Into utilizador_regular values ( 'email11@bd.com');

Insert Into utilizador values ( 'email12@bd.com', 'password12');

Insert Into utilizador_regular values ( 'email12@bd.com');

Insert Into utilizador values ( 'email13@bd.com', 'password13');

Insert Into utilizador_qualificado values ( 'email13@bd.com');

Insert Into utilizador values ( 'email14@bd.com', 'password14');

Insert Into utilizador_regular values ( 'email14@bd.com');

Insert Into utilizador values ( 'email15@bd.com', 'password15');

Insert Into utilizador_regular values ( 'email15@bd.com');

Insert Into utilizador values ( 'email16@bd.com', 'password16');

Insert Into utilizador_regular values ( 'email16@bd.com');

Insert Into utilizador values ( 'email17@bd.com', 'password17');

Insert Into utilizador_regular values ( 'email17@bd.com');

Insert Into utilizador values ( 'email18@bd.com', 'password18');

Insert Into utilizador_regular values ( 'email18@bd.com');

Insert Into utilizador values ( 'email19@bd.com', 'password19');

Insert Into utilizador_regular values ( 'email19@bd.com');

Insert Into utilizador values ( 'email20@bd.com', 'password20');

Insert Into utilizador_regular values ( 'email20@bd.com');

Insert Into utilizador values ( 'email21@bd.com', 'password21');

Insert Into utilizador_regular values ( 'email21@bd.com');

Insert Into utilizador values ( 'email22@bd.com', 'password22');

Insert Into utilizador_regular values ( 'email22@bd.com');

Insert Into utilizador values ( 'email23@bd.com', 'password23');

Insert Into utilizador_qualificado values ( 'email23@bd.com');

Insert Into utilizador values ( 'email24@bd.com', 'password24');

Insert Into utilizador_qualificado values ( 'email24@bd.com');

Insert Into utilizador values ( 'email25@bd.com', 'password25');

Insert Into utilizador_regular values ( 'email25@bd.com');

Insert Into utilizador values ( 'email26@bd.com', 'password26');

Insert Into utilizador_regular values ( 'email26@bd.com');

Insert Into utilizador values ( 'email27@bd.com', 'password27');

Insert Into utilizador_regular values ( 'email27@bd.com');

Insert Into utilizador values ( 'email28@bd.com', 'password28');

Insert Into utilizador_qualificado values ( 'email28@bd.com');

Insert Into utilizador values ( 'email29@bd.com', 'password29');

Insert Into utilizador_regular values ( 'email29@bd.com');

Insert Into incidencia values (0, 3, 'email19@bd.com');

Insert Into incidencia values (1, 28, 'email16@bd.com');

Insert Into incidencia values (2, 29, 'email13@bd.com');

Insert Into incidencia values (3, 9, 'email8@bd.com');

Insert Into incidencia values (4, 29, 'email19@bd.com');

Insert Into incidencia values (5, 22, 'email29@bd.com');

Insert Into incidencia values (6, 20, 'email10@bd.com');

Insert Into incidencia values (7, 26, 'email0@bd.com');

Insert Into incidencia values (8, 5, 'email18@bd.com');

Insert Into incidencia values (9, 5, 'email15@bd.com');

Insert Into incidencia values (10, 2, 'email20@bd.com');

Insert Into incidencia values (11, 11, 'email17@bd.com');

Insert Into incidencia values (12, 5, 'email14@bd.com');

Insert Into incidencia values (13, 19, 'email10@bd.com');

Insert Into incidencia values (14, 26, 'email9@bd.com');

Insert Into incidencia values (15, 10, 'email1@bd.com');

Insert Into incidencia values (16, 9, 'email25@bd.com');

Insert Into incidencia values (17, 15, 'email26@bd.com');

Insert Into incidencia values (18, 7, 'email6@bd.com');

Insert Into incidencia values (19, 7, 'email7@bd.com');

Insert Into incidencia values (20, 7, 'email12@bd.com');

Insert Into incidencia values (21, 19, 'email0@bd.com');

Insert Into incidencia values (22, 18, 'email27@bd.com');

Insert Into incidencia values (23, 29, 'email19@bd.com');

Insert Into incidencia values (24, 26, 'email28@bd.com');

Insert Into incidencia values (25, 5, 'email7@bd.com');

Insert Into incidencia values (26, 22, 'email26@bd.com');

Insert Into incidencia values (27, 26, 'email17@bd.com');

Insert Into incidencia values (28, 3, 'email8@bd.com');

Insert Into incidencia values (29, 8, 'email6@bd.com');

Insert Into proposta_de_correcao(email, data_hora, texto) values ('email28@bd.com', '2018-08-23 17:10:11', 'texto0');

Insert Into correcao(email, anomalia_id) values ('email28@bd.com', 1);

Insert Into proposta_de_correcao(email, data_hora, texto) values ('email23@bd.com', '2015-04-23 17:10:11', 'texto1');

Insert Into correcao(email, anomalia_id) values ('email23@bd.com', 14);

Insert Into proposta_de_correcao(email, data_hora, texto) values ('email28@bd.com', '2017-07-23 14:10:11', 'texto2');

Insert Into correcao(email, anomalia_id) values ('email28@bd.com', 24);

Insert Into proposta_de_correcao(email, data_hora, texto) values ('email7@bd.com', '2018-07-23 18:10:11', 'texto3');

Insert Into correcao(email, anomalia_id) values ('email7@bd.com', 15);

Insert Into proposta_de_correcao(email, data_hora, texto) values ('email7@bd.com', '2017-04-23 16:10:11', 'texto4');

Insert Into correcao(email, anomalia_id) values ('email7@bd.com', 26);

Insert Into proposta_de_correcao(email, data_hora, texto) values ('email13@bd.com', '2017-07-23 17:10:11', 'texto5');

Insert Into correcao(email, anomalia_id) values ('email13@bd.com', 25);

Insert Into proposta_de_correcao(email, data_hora, texto) values ('email0@bd.com', '2017-04-23 18:10:11', 'texto6');

Insert Into correcao(email, anomalia_id) values ('email0@bd.com', 7);

Insert Into proposta_de_correcao(email, data_hora, texto) values ('email13@bd.com', '2018-08-23 15:10:11', 'texto7');

Insert Into correcao(email, anomalia_id) values ('email13@bd.com', 11);

Insert Into proposta_de_correcao(email, data_hora, texto) values ('email23@bd.com', '2018-07-23 13:10:11', 'texto8');

Insert Into correcao(email, anomalia_id) values ('email23@bd.com', 23);

Insert Into proposta_de_correcao(email, data_hora, texto) values ('email23@bd.com', '2018-08-23 18:10:11', 'texto9');

Insert Into correcao(email, anomalia_id) values ('email23@bd.com', 15);

Insert Into proposta_de_correcao(email, data_hora, texto) values ('email24@bd.com', '2017-04-23 18:10:11', 'texto10');

Insert Into correcao(email, anomalia_id) values ('email24@bd.com', 22);

Insert Into proposta_de_correcao(email, data_hora, texto) values ('email24@bd.com', '2017-07-23 15:10:11', 'texto11');

Insert Into correcao(email, anomalia_id) values ('email24@bd.com', 26);

Insert Into proposta_de_correcao(email, data_hora, texto) values ('email28@bd.com', '2017-04-23 14:10:11', 'texto12');

Insert Into correcao(email, anomalia_id) values ('email28@bd.com', 23);

Insert Into proposta_de_correcao(email, data_hora, texto) values ('email0@bd.com', '2017-07-23 13:10:11', 'texto13');

Insert Into correcao(email, anomalia_id) values ('email0@bd.com', 11);

Insert Into proposta_de_correcao(email, data_hora, texto) values ('email24@bd.com', '2018-08-23 16:10:11', 'texto14');

Insert Into correcao(email, anomalia_id) values ('email24@bd.com', 19);

Insert Into proposta_de_correcao(email, data_hora, texto) values ('email28@bd.com', '2017-04-23 17:10:11', 'texto15');

Insert Into correcao(email, anomalia_id) values ('email28@bd.com', 2);

Insert Into proposta_de_correcao(email, data_hora, texto) values ('email7@bd.com', '2018-04-23 14:10:11', 'texto16');

Insert Into correcao(email, anomalia_id) values ('email7@bd.com', 19);

Insert Into proposta_de_correcao(email, data_hora, texto) values ('email13@bd.com', '2018-07-23 17:10:11', 'texto17');

Insert Into correcao(email, anomalia_id) values ('email13@bd.com', 24);

Insert Into proposta_de_correcao(email, data_hora, texto) values ('email24@bd.com', '2018-08-23 14:10:11', 'texto18');

Insert Into correcao(email, anomalia_id) values ('email24@bd.com', 12);

Insert Into proposta_de_correcao(email, data_hora, texto) values ('email23@bd.com', '2017-04-23 17:10:11', 'texto19');

Insert Into correcao(email, anomalia_id) values ('email23@bd.com', 14);

Insert Into proposta_de_correcao(email, data_hora, texto) values ('email23@bd.com', '2018-07-23 13:10:11', 'texto20');

Insert Into correcao(email, anomalia_id) values ('email23@bd.com', 29);

Insert Into proposta_de_correcao(email, data_hora, texto) values ('email24@bd.com', '2017-04-23 13:10:11', 'texto21');

Insert Into correcao(email, anomalia_id) values ('email24@bd.com', 11);

Insert Into proposta_de_correcao(email, data_hora, texto) values ('email28@bd.com', '2017-04-23 15:10:11', 'texto22');

Insert Into correcao(email, anomalia_id) values ('email28@bd.com', 5);

Insert Into proposta_de_correcao(email, data_hora, texto) values ('email0@bd.com', '2016-04-23 14:10:11', 'texto23');

Insert Into correcao(email, anomalia_id) values ('email0@bd.com', 19);

Insert Into proposta_de_correcao(email, data_hora, texto) values ('email7@bd.com', '2018-07-23 18:10:11', 'texto24');

Insert Into correcao(email, anomalia_id) values ('email7@bd.com', 18);

Insert Into proposta_de_correcao(email, data_hora, texto) values ('email7@bd.com', '2018-08-23 15:10:11', 'texto25');

Insert Into correcao(email, anomalia_id) values ('email7@bd.com', 16);

Insert Into proposta_de_correcao(email, data_hora, texto) values ('email13@bd.com', '2017-07-23 17:10:11', 'texto26');

Insert Into correcao(email, anomalia_id) values ('email13@bd.com', 3);

Insert Into proposta_de_correcao(email, data_hora, texto) values ('email23@bd.com', '2017-04-23 17:10:11', 'texto27');

Insert Into correcao(email, anomalia_id) values ('email23@bd.com', 28);

Insert Into proposta_de_correcao(email, data_hora, texto) values ('email13@bd.com', '2018-07-23 15:10:11', 'texto28');

Insert Into correcao(email, anomalia_id) values ('email13@bd.com', 6);

Insert Into proposta_de_correcao(email, data_hora, texto) values ('email13@bd.com', '2018-08-23 14:10:11', 'texto29');

Insert Into correcao(email, anomalia_id) values ('email13@bd.com', 20);

